FIPS,State,County,PCH_LACCESS_POP_10_15
1001,AL,Autauga,-5.06
1003,AL,Baldwin,-13.2
1005,AL,Barbour,6.07
1007,AL,Bibb,-7.22
1009,AL,Blount,140.57
1011,AL,Bullock,1.27
1013,AL,Butler,-0.27
1015,AL,Calhoun,-10.08
1017,AL,Chambers,5.68
1019,AL,Cherokee,30.36
1021,AL,Chilton,0.91
1023,AL,Choctaw,3.47
1025,AL,Clarke,12.89
1027,AL,Clay,-13.47
1029,AL,Cleburne,437.6
1031,AL,Coffee,-7.98
1033,AL,Colbert,16.56
1035,AL,Conecuh,-4.49
1037,AL,Coosa,-0.29
1039,AL,Covington,13.05
1041,AL,Crenshaw,-1.95
1043,AL,Cullman,-6.28
1045,AL,Dale,1.37
1047,AL,Dallas,-1.87
1049,AL,DeKalb,0
1051,AL,Elmore,0.35
1053,AL,Escambia,-2.5
1055,AL,Etowah,-6.01
1057,AL,Fayette,-6.89
1059,AL,Franklin,19.18
1061,AL,Geneva,-0.13
1063,AL,Greene,-9.84
1067,AL,Henry,108.5
1069,AL,Houston,-14.31
1071,AL,Jackson,-13.1
1073,AL,Jefferson,-1.72
1075,AL,Lamar,148.92
1077,AL,Lauderdale,-14.45
1079,AL,Lawrence,22.14
1081,AL,Lee,-15.89
1083,AL,Limestone,-7.87
1085,AL,Lowndes,-53.84
1087,AL,Macon,7.26
1089,AL,Madison,-19.54
1091,AL,Marengo,-8.27
1093,AL,Marion,258.57
1095,AL,Marshall,-18.18
1097,AL,Mobile,-7.98
1099,AL,Monroe,-20.11
1101,AL,Montgomery,2.99
1103,AL,Morgan,10.74
1105,AL,Perry,-9.27
1107,AL,Pickens,-37.85
1109,AL,Pike,21.5
1111,AL,Randolph,218.04
1113,AL,Russell,-26.86
1115,AL,St. Clair,21.85
1117,AL,Shelby,-9.4
1119,AL,Sumter,3.63
1121,AL,Talladega,-10.64
1123,AL,Tallapoosa,-24.21
1125,AL,Tuscaloosa,-11.7
1127,AL,Walker,4.37
1129,AL,Washington,-13.43
1131,AL,Wilcox,-3.4
1133,AL,Winston,44.28
2013,AK,Aleutians East,79.68
2016,AK,Aleutians West,62.62
2020,AK,Anchorage,-9.02
2050,AK,Bethel,-13.32
2060,AK,Bristol Bay,129.65
2068,AK,Denali,0
2070,AK,Dillingham,55.93
2090,AK,Fairbanks North Star,-7.27
2100,AK,Haines,-0.07
2105,AK,Hoonah-Angoon,26.08
2110,AK,Juneau,-0.74
2122,AK,Kenai Peninsula,-3.55
2130,AK,Ketchikan Gateway,2.56
2150,AK,Kodiak Island,37.65
2164,AK,Lake and Peninsula,-0.14
2170,AK,Matanuska-Susitna,12.6
2180,AK,Nome,4.14
2185,AK,North Slope,52.18
2188,AK,Northwest Arctic,-0.01
2195,AK,Petersburg,-1.7
2198,AK,Prince of Wales-Hyder,26.48
2220,AK,Sitka,0.92
2230,AK,Skagway,0
2240,AK,Southeast Fairbanks,62.63
2261,AK,Valdez-Cordova,86.02
2270,AK,Wade Hampton,-6.86
2275,AK,Wrangell,0
2290,AK,Yukon-Koyukuk,0
4001,AZ,Apache,7.91
4003,AZ,Cochise,6.96
4005,AZ,Coconino,1.91
4007,AZ,Gila,36.22
4009,AZ,Graham,19.14
4011,AZ,Greenlee,-1.04
4012,AZ,La Paz,-0.35
4013,AZ,Maricopa,3.85
4015,AZ,Mohave,-0.04
4017,AZ,Navajo,16.41
4019,AZ,Pima,-5.91
4021,AZ,Pinal,23.89
4023,AZ,Santa Cruz,-3.59
4025,AZ,Yavapai,-2.35
4027,AZ,Yuma,-9.09
5001,AR,Arkansas,71.14
5003,AR,Ashley,6.73
5005,AR,Baxter,-7.27
5007,AR,Benton,-20.75
5009,AR,Boone,-24.05
5011,AR,Bradley,-1.17
5013,AR,Calhoun,-0.4
5015,AR,Carroll,-17.63
5019,AR,Clark,348.2
5021,AR,Clay,-1.78
5023,AR,Cleburne,-33.97
5025,AR,Cleveland,-13.63
5027,AR,Columbia,-3.84
5029,AR,Conway,-21.06
5031,AR,Craighead,-33.88
5033,AR,Crawford,-19.79
5035,AR,Crittenden,5.81
5037,AR,Cross,-19.14
5039,AR,Dallas,119.73
5041,AR,Desha,16.01
5043,AR,Drew,13.16
5045,AR,Faulkner,-34.09
5047,AR,Franklin,-37.67
5049,AR,Fulton,1
5051,AR,Garland,-10.39
5053,AR,Grant,-0.06
5055,AR,Greene,3.6
5057,AR,Hempstead,18.9
5059,AR,Hot Spring,-14.2
5061,AR,Howard,179.94
5063,AR,Independence,-18.75
5065,AR,Izard,-81.39
5067,AR,Jackson,25.19
5069,AR,Jefferson,10.58
5071,AR,Johnson,-35.2
5073,AR,Lafayette,0.14
5075,AR,Lawrence,18.79
5077,AR,Lee,44.17
5079,AR,Lincoln,-3.26
5081,AR,Little River,121.84
5083,AR,Logan,-32.66
5085,AR,Lonoke,-5.69
5087,AR,Madison,-7.07
5089,AR,Marion,0
5091,AR,Miller,32.39
5093,AR,Mississippi,-2.32
5095,AR,Monroe,0
5097,AR,Montgomery,-5.63
5099,AR,Nevada,10.88
5101,AR,Newton,24.26
5103,AR,Ouachita,-8.05
5105,AR,Perry,34.6
5107,AR,Phillips,36.3
5109,AR,Pike,18.28
5111,AR,Poinsett,199.06
5113,AR,Polk,4.3
5115,AR,Pope,-4
5117,AR,Prairie,503.07
5119,AR,Pulaski,-12.94
5121,AR,Randolph,4.58
5123,AR,St. Francis,-10.37
5125,AR,Saline,-0.44
5127,AR,Scott,-3.06
5129,AR,Searcy,1.15
5131,AR,Sebastian,-28.18
5133,AR,Sevier,-30.87
5135,AR,Sharp,8.64
5137,AR,Stone,2.65
5139,AR,Union,21.13
5141,AR,Van Buren,-20.17
5143,AR,Washington,-26.95
5145,AR,White,-14.26
5147,AR,Woodruff,-1.31
5149,AR,Yell,70.97
6001,CA,Alameda,-32.7
6003,CA,Alpine,-11.87
6005,CA,Amador,12.13
6007,CA,Butte,-4.41
6009,CA,Calaveras,17.17
6011,CA,Colusa,0
6013,CA,Contra Costa,-2.74
6015,CA,Del Norte,18.19
6017,CA,El Dorado,4.23
6019,CA,Fresno,-24.77
6021,CA,Glenn,-30.1
6023,CA,Humboldt,-4
6025,CA,Imperial,8.64
6027,CA,Inyo,-0.02
6029,CA,Kern,-4.66
6031,CA,Kings,-9.95
6033,CA,Lake,6.45
6035,CA,Lassen,1.58
6037,CA,Los Angeles,1.49
6039,CA,Madera,5.25
6041,CA,Marin,-27.07
6043,CA,Mariposa,1.21
6045,CA,Mendocino,-3.53
6047,CA,Merced,9.52
6049,CA,Modoc,-25.77
6051,CA,Mono,3.74
6053,CA,Monterey,3.45
6055,CA,Napa,-28.3
6057,CA,Nevada,12.94
6059,CA,Orange,-11.16
6061,CA,Placer,2.29
6063,CA,Plumas,5.52
6065,CA,Riverside,0.89
6067,CA,Sacramento,1.82
6069,CA,San Benito,0.03
6071,CA,San Bernardino,-4.61
6073,CA,San Diego,-7.12
6075,CA,San Francisco,-83.24
6077,CA,San Joaquin,11.17
6079,CA,San Luis Obispo,-8.06
6081,CA,San Mateo,-15.92
6083,CA,Santa Barbara,-1.48
6085,CA,Santa Clara,-21.84
6087,CA,Santa Cruz,-13.02
6089,CA,Shasta,1.02
6091,CA,Sierra,0.28
6093,CA,Siskiyou,1.15
6095,CA,Solano,-21.81
6097,CA,Sonoma,-5.98
6099,CA,Stanislaus,-12.42
6101,CA,Sutter,-5.56
6103,CA,Tehama,27.86
6105,CA,Trinity,3.1
6107,CA,Tulare,-5.61
6109,CA,Tuolumne,3.89
6111,CA,Ventura,2.78
6113,CA,Yolo,-34.43
6115,CA,Yuba,0.04
8001,CO,Adams,1.75
8003,CO,Alamosa,-10.62
8005,CO,Arapahoe,-28.56
8007,CO,Archuleta,31.36
8009,CO,Baca,0
8011,CO,Bent,0.67
8013,CO,Boulder,-5.92
8014,CO,Broomfield,98.62
8015,CO,Chaffee,31.12
8017,CO,Cheyenne,0
8019,CO,Clear Creek,-0.02
8021,CO,Conejos,0
8023,CO,Costilla,0
8025,CO,Crowley,-85.25
8027,CO,Custer,4.64
8029,CO,Delta,92.57
8031,CO,Denver,-35.36
8033,CO,Dolores,398.95
8035,CO,Douglas,3.3
8037,CO,Eagle,1.12
8039,CO,Elbert,-6.31
8041,CO,El Paso,-8.52
8043,CO,Fremont,8.49
8045,CO,Garfield,-21.81
8047,CO,Gilpin,0
8049,CO,Grand,-85.36
8051,CO,Gunnison,-0.35
8053,CO,Hinsdale,-88.22
8055,CO,Huerfano,-0.91
8057,CO,Jackson,-0.01
8059,CO,Jefferson,-6.18
8061,CO,Kiowa,0
8063,CO,Kit Carson,-57.26
8065,CO,Lake,-71.53
8067,CO,La Plata,-3.46
8069,CO,Larimer,-15.81
8071,CO,Las Animas,0.01
8073,CO,Lincoln,-0.55
8075,CO,Logan,-3.22
8077,CO,Mesa,-0.34
8079,CO,Mineral,-86.64
8081,CO,Moffat,0.05
8083,CO,Montezuma,-4.51
8085,CO,Montrose,4.03
8087,CO,Morgan,1.15
8089,CO,Otero,-3.25
8091,CO,Ouray,-15.61
8093,CO,Park,-7.96
8095,CO,Phillips,-85.66
8097,CO,Pitkin,-10.81
8099,CO,Prowers,-20.98
8101,CO,Pueblo,-12.52
8103,CO,Rio Blanco,-0.31
8105,CO,Rio Grande,109.77
8107,CO,Routt,-13.27
8109,CO,Saguache,-79.28
8111,CO,San Juan,0
8113,CO,San Miguel,3.66
8115,CO,Sedgwick,-1.55
8117,CO,Summit,-36.18
8119,CO,Teller,-49.82
8121,CO,Washington,0
8123,CO,Weld,-4.26
8125,CO,Yuma,0
9001,CT,Fairfield,2.36
9003,CT,Hartford,-7.83
9005,CT,Litchfield,15.31
9007,CT,Middlesex,-5.88
9009,CT,New Haven,-1.76
9011,CT,New London,26.06
9013,CT,Tolland,6.61
9015,CT,Windham,-15.13
10001,DE,Kent,-17.88
10003,DE,New Castle,-25.96
10005,DE,Sussex,-18.85
11001,DC,District of Columbia,-25.23
12001,FL,Alachua,-23.24
12003,FL,Baker,-1.87
12005,FL,Bay,-8.3
12007,FL,Bradford,-2.93
12009,FL,Brevard,1.36
12011,FL,Broward,-19.33
12013,FL,Calhoun,-29.83
12015,FL,Charlotte,-2.04
12017,FL,Citrus,5.13
12019,FL,Clay,5.41
12021,FL,Collier,0.64
12023,FL,Columbia,-0.89
12027,FL,DeSoto,-11.71
12029,FL,Dixie,48.51
12031,FL,Duval,-0.75
12033,FL,Escambia,-8.55
12035,FL,Flagler,-1.56
12037,FL,Franklin,-23.1
12039,FL,Gadsden,-17.51
12041,FL,Gilchrist,-24.22
12043,FL,Glades,149.71
12045,FL,Gulf,16.99
12047,FL,Hamilton,-0.07
12049,FL,Hardee,12.22
12051,FL,Hendry,1.35
12053,FL,Hernando,10.54
12055,FL,Highlands,-11.35
12057,FL,Hillsborough,-2.99
12059,FL,Holmes,-15.63
12061,FL,Indian River,-19.27
12063,FL,Jackson,-19.6
12065,FL,Jefferson,0
12067,FL,Lafayette,-19.12
12069,FL,Lake,-9.32
12071,FL,Lee,-8.24
12073,FL,Leon,-6.6
12075,FL,Levy,-17.61
12077,FL,Liberty,-0.36
12079,FL,Madison,-5.29
12081,FL,Manatee,-5.63
12083,FL,Marion,8.74
12085,FL,Martin,-6
12086,FL,Miami-Dade,-18.14
12087,FL,Monroe,-16.97
12089,FL,Nassau,-2.11
12091,FL,Okaloosa,-1.11
12093,FL,Okeechobee,9.48
12095,FL,Orange,-4.82
12097,FL,Osceola,8.44
12099,FL,Palm Beach,-16.15
12101,FL,Pasco,6.13
12103,FL,Pinellas,-18.38
12105,FL,Polk,4.05
12107,FL,Putnam,-2.6
12109,FL,St. Johns,0.56
12111,FL,St. Lucie,3.77
12113,FL,Santa Rosa,-0.03
12115,FL,Sarasota,-4.1
12117,FL,Seminole,-15.45
12119,FL,Sumter,18.45
12121,FL,Suwannee,-1.48
12123,FL,Taylor,21.99
12125,FL,Union,-5.49
12127,FL,Volusia,13.94
12129,FL,Wakulla,6.14
12131,FL,Walton,-32.82
12133,FL,Washington,-10.75
13001,GA,Appling,0.43
13003,GA,Atkinson,-0.28
13005,GA,Bacon,73.73
13007,GA,Baker,-1.31
13009,GA,Baldwin,-7.81
13011,GA,Banks,-63.08
13013,GA,Barrow,-11.82
13015,GA,Bartow,-2.78
13017,GA,Ben Hill,2.83
13019,GA,Berrien,39.8
13021,GA,Bibb,8.34
13023,GA,Bleckley,-4.98
13025,GA,Brantley,-71.81
13027,GA,Brooks,0
13029,GA,Bryan,84.43
13031,GA,Bulloch,-58.58
13033,GA,Burke,-21.28
13035,GA,Butts,16.44
13037,GA,Calhoun,-1.09
13039,GA,Camden,20.92
13043,GA,Candler,-44
13045,GA,Carroll,-12.02
13047,GA,Catoosa,-11.7
13049,GA,Charlton,-38.99
13051,GA,Chatham,11.84
13053,GA,Chattahoochee,26.04
13055,GA,Chattooga,-30.04
13057,GA,Cherokee,-0.09
13059,GA,Clarke,-5.11
13063,GA,Clayton,-3.49
13065,GA,Clinch,37.09
13067,GA,Cobb,-3.46
13069,GA,Coffee,-2.03
13071,GA,Colquitt,-6.35
13073,GA,Columbia,6.75
13075,GA,Cook,3.76
13077,GA,Coweta,-0.42
13079,GA,Crawford,787.68
13081,GA,Crisp,-70.23
13083,GA,Dade,34.01
13085,GA,Dawson,
13087,GA,Decatur,-14.31
13089,GA,DeKalb,-7.47
13091,GA,Dodge,35.31
13093,GA,Dooly,-95
13095,GA,Dougherty,-6.23
13097,GA,Douglas,1.25
13099,GA,Early,4.1
13101,GA,Echols,0
13103,GA,Effingham,9.81
13105,GA,Elbert,58.28
13107,GA,Emanuel,-10.83
13109,GA,Evans,42.15
13111,GA,Fannin,823.08
13113,GA,Fayette,-17.21
13115,GA,Floyd,-10.63
13117,GA,Forsyth,-9.62
13119,GA,Franklin,-72.34
13121,GA,Fulton,8.28
13123,GA,Gilmer,66.15
13125,GA,Glascock,-0.84
13127,GA,Glynn,-3.61
13129,GA,Gordon,15.38
13131,GA,Grady,2.82
13133,GA,Greene,-0.53
13135,GA,Gwinnett,-8.58
13137,GA,Habersham,-14.53
13139,GA,Hall,-5.65
13141,GA,Hancock,-6.12
13143,GA,Haralson,35.77
13145,GA,Harris,-5.29
13147,GA,Hart,269.21
13149,GA,Heard,79.95
13151,GA,Henry,-3.94
13153,GA,Houston,2.21
13155,GA,Irwin,4.74
13157,GA,Jackson,346.04
13159,GA,Jasper,245.4
13161,GA,Jeff Davis,-3.46
13163,GA,Jefferson,83.46
13165,GA,Jenkins,-67.02
13167,GA,Johnson,-59.54
13169,GA,Jones,9.73
13171,GA,Lamar,14.55
13173,GA,Lanier,-19.93
13175,GA,Laurens,-0.02
13177,GA,Lee,-20.51
13179,GA,Liberty,8.96
13181,GA,Lincoln,-19.76
13183,GA,Long,0.32
13185,GA,Lowndes,17.22
13187,GA,Lumpkin,-4.63
13189,GA,McDuffie,-6.72
13191,GA,McIntosh,-3.74
13193,GA,Macon,-1.52
13195,GA,Madison,1.8
13197,GA,Marion,-99.94
13199,GA,Meriwether,205.19
13201,GA,Miller,-14.72
13205,GA,Mitchell,-37.61
13207,GA,Monroe,-18.56
13209,GA,Montgomery,13.7
13211,GA,Morgan,-15.22
13213,GA,Murray,-5.3
13215,GA,Muscogee,-13.31
13217,GA,Newton,-0.92
13219,GA,Oconee,2.6
13221,GA,Oglethorpe,-4.21
13223,GA,Paulding,3.23
13225,GA,Peach,-8.69
13227,GA,Pickens,-8.76
13229,GA,Pierce,-3.13
13231,GA,Pike,
13233,GA,Polk,3.36
13235,GA,Pulaski,0
13237,GA,Putnam,-13.95
13239,GA,Quitman,0.75
13241,GA,Rabun,-17.11
13243,GA,Randolph,294.22
13245,GA,Richmond,17.26
13247,GA,Rockdale,-12.1
13249,GA,Schley,-37.43
13251,GA,Screven,-3.42
13253,GA,Seminole,-23.55
13255,GA,Spalding,-8.29
13257,GA,Stephens,29.35
13259,GA,Stewart,-42.47
13261,GA,Sumter,-4.89
13263,GA,Talbot,394.49
13265,GA,Taliaferro,-0.95
13267,GA,Tattnall,4.6
13269,GA,Taylor,-37.15
13271,GA,Telfair,-72.3
13273,GA,Terrell,441.9
13275,GA,Thomas,1.62
13277,GA,Tift,-12.22
13279,GA,Toombs,8.66
13281,GA,Towns,27.84
13283,GA,Treutlen,-61.04
13285,GA,Troup,10.34
13287,GA,Turner,-27.05
13289,GA,Twiggs,-84.68
13293,GA,Upson,37.96
13295,GA,Walker,0.36
13297,GA,Walton,-8.59
13299,GA,Ware,4.72
13301,GA,Warren,40.88
13303,GA,Washington,-5.44
13305,GA,Wayne,1.41
13307,GA,Webster,-10.77
13311,GA,White,
13313,GA,Whitfield,-16.15
13315,GA,Wilcox,6.01
13317,GA,Wilkes,-39.4
13319,GA,Wilkinson,2.8
13321,GA,Worth,-30.62
15001,HI,Hawaii,4.78
15003,HI,Honolulu,16.63
15005,HI,Kalawao,0
15007,HI,Kauai,-6.74
15009,HI,Maui,-17.37
16001,ID,Ada,-6.26
16003,ID,Adams,0
16005,ID,Bannock,-5.23
16007,ID,Bear Lake,0
16009,ID,Benewah,-7.37
16011,ID,Bingham,-0.31
16013,ID,Blaine,-0.49
16015,ID,Boise,-29.22
16017,ID,Bonner,7.09
16019,ID,Bonneville,-2.53
16021,ID,Boundary,-20.51
16023,ID,Butte,2.2
16025,ID,Camas,0
16027,ID,Canyon,-8.2
16029,ID,Caribou,0
16031,ID,Cassia,21.31
16033,ID,Clark,0
16035,ID,Clearwater,-19.87
16037,ID,Custer,95.65
16039,ID,Elmore,-6.42
16041,ID,Franklin,-0.37
16043,ID,Fremont,-1.21
16045,ID,Gem,-17.79
16047,ID,Gooding,-91.84
16049,ID,Idaho,0
16051,ID,Jefferson,0.33
16053,ID,Jerome,-0.26
16055,ID,Kootenai,-1.32
16057,ID,Latah,-23.91
16059,ID,Lemhi,-11.62
16061,ID,Lewis,0
16063,ID,Lincoln,0
16065,ID,Madison,7.42
16067,ID,Minidoka,39.31
16069,ID,Nez Perce,1.41
16071,ID,Oneida,0
16073,ID,Owyhee,5.07
16075,ID,Payette,0
16077,ID,Power,0
16079,ID,Shoshone,107.2
16081,ID,Teton,-0.03
16083,ID,Twin Falls,-33.67
16085,ID,Valley,3.13
16087,ID,Washington,0
17001,IL,Adams,-1.51
17003,IL,Alexander,-54.7
17005,IL,Bond,-38.42
17007,IL,Boone,25.88
17009,IL,Brown,-12.97
17011,IL,Bureau,0.23
17013,IL,Calhoun,-27.1
17015,IL,Carroll,56.48
17017,IL,Cass,4.1
17019,IL,Champaign,7.77
17021,IL,Christian,9.55
17023,IL,Clark,0.98
17025,IL,Clay,0.95
17027,IL,Clinton,36.85
17029,IL,Coles,3.59
17031,IL,Cook,-9.98
17033,IL,Crawford,0.73
17037,IL,DeKalb,12.73
17039,IL,De Witt,-8.81
17041,IL,Douglas,0
17043,IL,DuPage,-13.66
17045,IL,Edgar,-0.9
17047,IL,Edwards,0
17049,IL,Effingham,0.18
17051,IL,Fayette,7.76
17053,IL,Ford,0.26
17055,IL,Franklin,-3.92
17057,IL,Fulton,36.59
17059,IL,Gallatin,-13.41
17061,IL,Greene,537.22
17063,IL,Grundy,1.98
17065,IL,Hamilton,-22.85
17067,IL,Hancock,-28.03
17069,IL,Hardin,-30.27
17071,IL,Henderson,-2.33
17073,IL,Henry,-1.14
17075,IL,Iroquois,55.12
17077,IL,Jackson,-6.98
17079,IL,Jasper,-3.65
17081,IL,Jefferson,-1.71
17083,IL,Jersey,2.98
17085,IL,Jo Daviess,-0.02
17087,IL,Johnson,19.63
17089,IL,Kane,-6.05
17091,IL,Kankakee,-14.79
17093,IL,Kendall,-35
17095,IL,Knox,28.61
17097,IL,Lake,-2.5
17099,IL,LaSalle,-11.56
17101,IL,Lawrence,13.49
17103,IL,Lee,3.22
17105,IL,Livingston,-1.43
17107,IL,Logan,14.43
17109,IL,McDonough,-56.02
17111,IL,McHenry,0.21
17113,IL,McLean,0.2
17115,IL,Macon,-10.1
17117,IL,Macoupin,74.68
17119,IL,Madison,12.78
17121,IL,Marion,7.46
17123,IL,Marshall,36.22
17125,IL,Mason,340.73
17127,IL,Massac,-21.5
17129,IL,Menard,0
17131,IL,Mercer,-21.55
17133,IL,Monroe,46.53
17135,IL,Montgomery,56.19
17137,IL,Morgan,28.6
17139,IL,Moultrie,2.17
17141,IL,Ogle,41.4
17143,IL,Peoria,-13.94
17145,IL,Perry,4.04
17147,IL,Piatt,-0.8
17149,IL,Pike,-23.34
17151,IL,Pope,-18.51
17153,IL,Pulaski,-63.83
17157,IL,Randolph,-13.77
17159,IL,Richland,16.98
17161,IL,Rock Island,-13.32
17163,IL,St. Clair,-19.52
17165,IL,Saline,11.95
17167,IL,Sangamon,-23.22
17169,IL,Schuyler,1.12
17171,IL,Scott,-0.24
17173,IL,Shelby,54.07
17175,IL,Stark,0
17177,IL,Stephenson,-15.28
17179,IL,Tazewell,6.79
17181,IL,Union,68.43
17183,IL,Vermilion,-17.2
17185,IL,Wabash,1.59
17187,IL,Warren,821.43
17189,IL,Washington,-0.06
17191,IL,Wayne,-1.67
17193,IL,White,-2.2
17195,IL,Whiteside,31.18
17197,IL,Will,-10.21
17199,IL,Williamson,-19.67
17201,IL,Winnebago,4.71
17203,IL,Woodford,56.35
18001,IN,Adams,21.11
18003,IN,Allen,-8.25
18005,IN,Bartholomew,16.09
18007,IN,Benton,32.44
18009,IN,Blackford,5.15
18011,IN,Boone,-11.25
18013,IN,Brown,4.19
18015,IN,Carroll,-1.03
18017,IN,Cass,-1.66
18019,IN,Clark,1.67
18021,IN,Clay,3
18023,IN,Clinton,-53.37
18025,IN,Crawford,28.85
18027,IN,Daviess,111.34
18029,IN,Dearborn,0
18031,IN,Decatur,11.02
18033,IN,DeKalb,-22.81
18035,IN,Delaware,5.26
18037,IN,Dubois,1.73
18039,IN,Elkhart,3.45
18041,IN,Fayette,0
18043,IN,Floyd,23.11
18045,IN,Fountain,401.4
18047,IN,Franklin,0
18049,IN,Fulton,-16.8
18051,IN,Gibson,-62.63
18053,IN,Grant,-12.6
18055,IN,Greene,46.02
18057,IN,Hamilton,-8.27
18059,IN,Hancock,-10.38
18061,IN,Harrison,-13.41
18063,IN,Hendricks,-26.31
18065,IN,Henry,-18.8
18067,IN,Howard,-13.29
18069,IN,Huntington,7.95
18071,IN,Jackson,1.97
18073,IN,Jasper,26.26
18075,IN,Jay,0.35
18077,IN,Jefferson,12.73
18079,IN,Jennings,53.07
18081,IN,Johnson,-6.05
18083,IN,Knox,116.27
18085,IN,Kosciusko,-19.13
18087,IN,LaGrange,-88.69
18089,IN,Lake,6.58
18091,IN,LaPorte,36.1
18093,IN,Lawrence,5.43
18095,IN,Madison,4.71
18097,IN,Marion,-3.39
18099,IN,Marshall,-3.89
18101,IN,Martin,2.92
18103,IN,Miami,8.77
18105,IN,Monroe,-26.52
18107,IN,Montgomery,20.4
18109,IN,Morgan,-18.55
18113,IN,Noble,-15.83
18115,IN,Ohio,
18117,IN,Orange,73.83
18119,IN,Owen,13.34
18121,IN,Parke,33.91
18123,IN,Perry,12.64
18125,IN,Pike,53
18127,IN,Porter,-17.79
18129,IN,Posey,-4.46
18131,IN,Pulaski,0
18133,IN,Putnam,70.06
18135,IN,Randolph,-28.34
18137,IN,Ripley,0.21
18139,IN,Rush,-3.86
18141,IN,St. Joseph,-7.48
18143,IN,Scott,-33.54
18145,IN,Shelby,31.75
18147,IN,Spencer,17.19
18149,IN,Starke,-5.12
18151,IN,Steuben,-11.5
18153,IN,Sullivan,-1.18
18155,IN,Switzerland,0
18157,IN,Tippecanoe,-33.14
18159,IN,Tipton,-63.46
18161,IN,Union,
18163,IN,Vanderburgh,0.88
18165,IN,Vermillion,-7.73
18167,IN,Vigo,25.7
18169,IN,Wabash,24.77
18171,IN,Warren,51.8
18173,IN,Warrick,4.4
18175,IN,Washington,-1.43
18177,IN,Wayne,-14.45
18179,IN,Wells,-13.36
18181,IN,White,57.18
18183,IN,Whitley,0
19001,IA,Adair,-19.05
19003,IA,Adams,6.29
19005,IA,Allamakee,-57.3
19007,IA,Appanoose,-13.42
19009,IA,Audubon,82.22
19011,IA,Benton,-6.75
19013,IA,Black Hawk,21.94
19015,IA,Boone,-9.9
19017,IA,Bremer,20.01
19019,IA,Buchanan,50.34
19021,IA,Buena Vista,-29.47
19023,IA,Butler,-1.3
19025,IA,Calhoun,-94.25
19027,IA,Carroll,9.52
19029,IA,Cass,0
19031,IA,Cedar,90.68
19033,IA,Cerro Gordo,-0.41
19035,IA,Cherokee,6.45
19037,IA,Chickasaw,2.22
19039,IA,Clarke,0
19041,IA,Clay,10.69
19043,IA,Clayton,-81.18
19045,IA,Clinton,0.53
19047,IA,Crawford,-0.33
19049,IA,Dallas,2.86
19051,IA,Davis,-17.73
19053,IA,Decatur,-9.38
19055,IA,Delaware,0.28
19057,IA,Des Moines,15.27
19059,IA,Dickinson,-3.21
19061,IA,Dubuque,1.05
19063,IA,Emmet,0
19065,IA,Fayette,-2.6
19067,IA,Floyd,0
19069,IA,Franklin,-5.3
19071,IA,Fremont,66.61
19073,IA,Greene,-47.44
19075,IA,Grundy,-0.43
19077,IA,Guthrie,0.46
19079,IA,Hamilton,-22.62
19081,IA,Hancock,0.07
19083,IA,Hardin,-0.94
19085,IA,Harrison,-0.61
19087,IA,Henry,5.37
19089,IA,Howard,-5.62
19091,IA,Humboldt,-14.99
19093,IA,Ida,0
19095,IA,Iowa,26.14
19097,IA,Jackson,11.84
19099,IA,Jasper,1.45
19101,IA,Jefferson,-10.4
19103,IA,Johnson,-7.86
19105,IA,Jones,33.35
19107,IA,Keokuk,0
19109,IA,Kossuth,15.29
19111,IA,Lee,44.06
19113,IA,Linn,-3.6
19115,IA,Louisa,-5.34
19117,IA,Lucas,0
19119,IA,Lyon,-30.35
19121,IA,Madison,-9.19
19123,IA,Mahaska,-0.02
19125,IA,Marion,-7.86
19127,IA,Marshall,-9.04
19129,IA,Mills,20.03
19131,IA,Mitchell,0
19133,IA,Monona,0
19135,IA,Monroe,16.88
19137,IA,Montgomery,0.25
19139,IA,Muscatine,-15.23
19141,IA,O'Brien,31.4
19143,IA,Osceola,1.41
19145,IA,Page,-17.15
19147,IA,Palo Alto,-35.35
19149,IA,Plymouth,-27.29
19151,IA,Pocahontas,-26.42
19153,IA,Polk,-26.52
19155,IA,Pottawattamie,-8.4
19157,IA,Poweshiek,0
19159,IA,Ringgold,-5.52
19161,IA,Sac,82.67
19163,IA,Scott,-5.41
19165,IA,Shelby,-0.41
19167,IA,Sioux,2.39
19169,IA,Story,10.97
19171,IA,Tama,-5.35
19173,IA,Taylor,-46.32
19175,IA,Union,0.23
19177,IA,Van Buren,-42.83
19179,IA,Wapello,59.39
19181,IA,Warren,-35.43
19183,IA,Washington,0.1
19185,IA,Wayne,0
19187,IA,Webster,5.18
19189,IA,Winnebago,-0.13
19191,IA,Winneshiek,-9.95
19193,IA,Woodbury,-18.25
19195,IA,Worth,1.43
19197,IA,Wright,0.24
20001,KS,Allen,0
20003,KS,Anderson,0
20005,KS,Atchison,-22.62
20007,KS,Barber,-1.99
20009,KS,Barton,-0.02
20011,KS,Bourbon,-0.73
20013,KS,Brown,39.15
20015,KS,Butler,7.33
20017,KS,Chase,0
20019,KS,Chautauqua,22.16
20021,KS,Cherokee,-23.46
20023,KS,Cheyenne,-90.26
20025,KS,Clark,0
20027,KS,Clay,0.78
20029,KS,Cloud,0.01
20031,KS,Coffey,-27.67
20033,KS,Comanche,0
20035,KS,Cowley,93.39
20037,KS,Crawford,-2.22
20039,KS,Decatur,65.1
20041,KS,Dickinson,-56.43
20043,KS,Doniphan,0.27
20045,KS,Douglas,2.41
20047,KS,Edwards,0
20049,KS,Elk,0
20051,KS,Ellis,-27.49
20053,KS,Ellsworth,-2.59
20055,KS,Finney,-4.77
20057,KS,Ford,-34.57
20059,KS,Franklin,0
20061,KS,Geary,9.37
20063,KS,Gove,-57.4
20065,KS,Graham,-2.52
20067,KS,Grant,0
20069,KS,Gray,-14.32
20071,KS,Greeley,0
20073,KS,Greenwood,8.18
20075,KS,Hamilton,0
20077,KS,Harper,39.61
20079,KS,Harvey,-35.05
20081,KS,Haskell,0
20083,KS,Hodgeman,-67.85
20085,KS,Jackson,-11.49
20087,KS,Jefferson,-94.33
20089,KS,Jewell,-1.18
20091,KS,Johnson,-21.34
20095,KS,Kingman,1.76
20097,KS,Kiowa,0
20099,KS,Labette,-0.04
20101,KS,Lane,-77.71
20103,KS,Leavenworth,58.34
20105,KS,Lincoln,-0.67
20107,KS,Linn,-59.37
20109,KS,Logan,0
20111,KS,Lyon,73.87
20113,KS,McPherson,-12.29
20115,KS,Marion,-5.66
20117,KS,Marshall,-1.22
20119,KS,Meade,0
20121,KS,Miami,-28.04
20123,KS,Mitchell,-8.3
20125,KS,Montgomery,110.62
20127,KS,Morris,0
20129,KS,Morton,0
20131,KS,Nemaha,-7.93
20133,KS,Neosho,-74
20135,KS,Ness,-0.34
20137,KS,Norton,20.02
20139,KS,Osage,7.03
20141,KS,Osborne,0
20143,KS,Ottawa,0
20145,KS,Pawnee,0
20147,KS,Phillips,0
20149,KS,Pottawatomie,-86.1
20151,KS,Pratt,0.68
20153,KS,Rawlins,-20.44
20155,KS,Reno,-11.55
20157,KS,Republic,0
20159,KS,Rice,0.22
20161,KS,Riley,-15.76
20163,KS,Rooks,0
20165,KS,Rush,-78.85
20167,KS,Russell,0
20169,KS,Saline,-8.72
20171,KS,Scott,27.12
20173,KS,Sedgwick,-6.48
20175,KS,Seward,-87.65
20177,KS,Shawnee,-9.39
20179,KS,Sheridan,-67.47
20181,KS,Sherman,0
20183,KS,Smith,-3.62
20185,KS,Stafford,0
20187,KS,Stanton,0
20189,KS,Stevens,-9.39
20191,KS,Sumner,17.88
20193,KS,Thomas,0
20195,KS,Trego,-60.13
20197,KS,Wabaunsee,-37.23
20199,KS,Wallace,205.1
20201,KS,Washington,6.73
20203,KS,Wichita,0
20205,KS,Wilson,12.44
20207,KS,Woodson,809.64
20209,KS,Wyandotte,-14.15
21001,KY,Adair,7.88
21003,KY,Allen,-21.1
21005,KY,Anderson,-18.09
21007,KY,Ballard,-16.46
21009,KY,Barren,-6.88
21011,KY,Bath,-10.45
21013,KY,Bell,-16.36
21015,KY,Boone,3.32
21017,KY,Bourbon,108.78
21019,KY,Boyd,-17.95
21021,KY,Boyle,15.92
21023,KY,Bracken,0
21025,KY,Breathitt,123.31
21027,KY,Breckinridge,-7.73
21029,KY,Bullitt,28.04
21031,KY,Butler,-30.73
21033,KY,Caldwell,-4.52
21035,KY,Calloway,-4.53
21037,KY,Campbell,-1.58
21039,KY,Carlisle,-66.46
21041,KY,Carroll,0
21043,KY,Carter,25.7
21045,KY,Casey,-27.31
21047,KY,Christian,24.83
21049,KY,Clark,-2.1
21051,KY,Clay,-31.35
21053,KY,Clinton,-93.48
21055,KY,Crittenden,
21057,KY,Cumberland,-18.69
21059,KY,Daviess,-8.24
21061,KY,Edmonson,16.9
21063,KY,Elliott,-71.09
21065,KY,Estill,-26.28
21067,KY,Fayette,2.77
21069,KY,Fleming,-0.94
21071,KY,Floyd,16.04
21073,KY,Franklin,-35.92
21075,KY,Fulton,130.1
21077,KY,Gallatin,
21079,KY,Garrard,-96.82
21081,KY,Grant,3.75
21083,KY,Graves,-21.94
21085,KY,Grayson,-0.77
21087,KY,Green,71.78
21089,KY,Greenup,-2.35
21091,KY,Hancock,795.75
21093,KY,Hardin,18.36
21095,KY,Harlan,12.45
21097,KY,Harrison,-35.83
21099,KY,Hart,-0.9
21101,KY,Henderson,-0.53
21103,KY,Henry,-74.96
21105,KY,Hickman,-100
21107,KY,Hopkins,39.59
21109,KY,Jackson,-6.87
21111,KY,Jefferson,-9.18
21113,KY,Jessamine,77.67
21115,KY,Johnson,68.66
21117,KY,Kenton,-4.86
21119,KY,Knott,181.87
21121,KY,Knox,61.59
21123,KY,Larue,-9.45
21125,KY,Laurel,-15.78
21127,KY,Lawrence,41.1
21129,KY,Lee,41.79
21131,KY,Leslie,-17.15
21133,KY,Letcher,
21135,KY,Lewis,4.25
21137,KY,Lincoln,126.55
21139,KY,Livingston,957.65
21141,KY,Logan,441.03
21143,KY,Lyon,87.96
21145,KY,McCracken,9.82
21147,KY,McCreary,-58.49
21151,KY,Madison,129.38
21153,KY,Magoffin,117.15
21155,KY,Marion,-33.95
21157,KY,Marshall,0
21159,KY,Martin,-86.91
21161,KY,Mason,33.32
21163,KY,Meade,-1.24
21165,KY,Menifee,
21167,KY,Mercer,20.78
21169,KY,Metcalfe,-2.04
21171,KY,Monroe,-14.25
21173,KY,Montgomery,-47.52
21175,KY,Morgan,51.98
21177,KY,Muhlenberg,13.36
21179,KY,Nelson,-10.76
21181,KY,Nicholas,-11.71
21183,KY,Ohio,68.86
21185,KY,Oldham,-1.34
21187,KY,Owen,46.28
21189,KY,Owsley,-51.72
21191,KY,Pendleton,2.93
21193,KY,Perry,-58.88
21195,KY,Pike,24.8
21197,KY,Powell,58.33
21199,KY,Pulaski,24.98
21201,KY,Robertson,-5.42
21203,KY,Rockcastle,-36.32
21205,KY,Rowan,23.18
21207,KY,Russell,-58.11
21209,KY,Scott,64.99
21211,KY,Shelby,17.24
21213,KY,Simpson,0.02
21215,KY,Spencer,
21217,KY,Taylor,130.56
21219,KY,Todd,-93.39
21221,KY,Trigg,6.01
21223,KY,Trimble,-79.66
21225,KY,Union,8.21
21227,KY,Warren,18.42
21229,KY,Washington,95.47
21231,KY,Wayne,-5.57
21233,KY,Webster,453.51
21235,KY,Whitley,-1.56
21237,KY,Wolfe,-72.58
21239,KY,Woodford,25.86
22001,LA,Acadia,3.44
22003,LA,Allen,-23.86
22005,LA,Ascension,-20.77
22007,LA,Assumption,-0.25
22009,LA,Avoyelles,-9.51
22011,LA,Beauregard,-14.36
22013,LA,Bienville,0
22015,LA,Bossier,-11.19
22017,LA,Caddo,-1.73
22019,LA,Calcasieu,-0.59
22021,LA,Caldwell,-15.28
22023,LA,Cameron,3.91
22025,LA,Catahoula,17.89
22027,LA,Claiborne,39.72
22029,LA,Concordia,20.51
22031,LA,De Soto,-5.19
22033,LA,East Baton Rouge,-7.08
22035,LA,East Carroll,65.39
22037,LA,East Feliciana,-31.71
22039,LA,Evangeline,62.45
22041,LA,Franklin,-4.94
22043,LA,Grant,-13.91
22045,LA,Iberia,19.61
22047,LA,Iberville,3.75
22049,LA,Jackson,0
22051,LA,Jefferson,-1.26
22053,LA,Jefferson Davis,-2.39
22055,LA,Lafayette,-11.53
22057,LA,Lafourche,-6
22059,LA,La Salle,49.72
22061,LA,Lincoln,-0.04
22063,LA,Livingston,-19.76
22065,LA,Madison,0.12
22067,LA,Morehouse,-1.01
22069,LA,Natchitoches,1.87
22071,LA,Orleans,-34.08
22073,LA,Ouachita,-27.46
22075,LA,Plaquemines,-11.02
22077,LA,Pointe Coupee,-11.34
22079,LA,Rapides,-4.71
22081,LA,Red River,20.18
22083,LA,Richland,4.06
22085,LA,Sabine,-0.56
22087,LA,St. Bernard,7.77
22089,LA,St. Charles,3.29
22091,LA,St. Helena,-34.36
22093,LA,St. James,27.41
22095,LA,St. John the Baptist,-7.73
22097,LA,St. Landry,18.26
22099,LA,St. Martin,-46.46
22101,LA,St. Mary,33.55
22103,LA,St. Tammany,4.27
22105,LA,Tangipahoa,-5.83
22107,LA,Tensas,-56.07
22109,LA,Terrebonne,1.26
22111,LA,Union,-5.08
22113,LA,Vermilion,6.37
22115,LA,Vernon,33.03
22117,LA,Washington,-36.65
22119,LA,Webster,32.52
22121,LA,West Baton Rouge,15.59
22123,LA,West Carroll,0
22125,LA,West Feliciana,-0.46
22127,LA,Winn,-2.75
23001,ME,Androscoggin,6.69
23003,ME,Aroostook,5.21
23005,ME,Cumberland,-2.11
23007,ME,Franklin,66.51
23009,ME,Hancock,-34.08
23011,ME,Kennebec,-22.85
23013,ME,Knox,42.37
23015,ME,Lincoln,-7.1
23017,ME,Oxford,-22.82
23019,ME,Penobscot,-23.16
23021,ME,Piscataquis,4.04
23023,ME,Sagadahoc,-11.25
23025,ME,Somerset,94.38
23027,ME,Waldo,-22.43
23029,ME,Washington,-2.26
23031,ME,York,-11.19
24001,MD,Allegany,-11.84
24003,MD,Anne Arundel,23.32
24005,MD,Baltimore,-13.43
24009,MD,Calvert,7.48
24011,MD,Caroline,-18.2
24013,MD,Carroll,-6.44
24015,MD,Cecil,12.75
24017,MD,Charles,-7.88
24019,MD,Dorchester,39.83
24021,MD,Frederick,15.27
24023,MD,Garrett,-24.23
24025,MD,Harford,-10.13
24027,MD,Howard,-12.8
24029,MD,Kent,-83.93
24031,MD,Montgomery,18.74
24033,MD,Prince George's,-13.13
24035,MD,Queen Anne's,1.66
24037,MD,St. Mary's,43.01
24039,MD,Somerset,-17.17
24041,MD,Talbot,0
24043,MD,Washington,2.69
24045,MD,Wicomico,0.31
24047,MD,Worcester,3.31
24510,MD,Baltimore,-33.46
25001,MA,Barnstable,-3.92
25003,MA,Berkshire,2.33
25005,MA,Bristol,-6.8
25007,MA,Dukes,-57.8
25009,MA,Essex,-6.8
25011,MA,Franklin,-10.45
25013,MA,Hampden,-14.41
25015,MA,Hampshire,17.23
25017,MA,Middlesex,-7.2
25019,MA,Nantucket,-31.98
25021,MA,Norfolk,-8.65
25023,MA,Plymouth,-9.33
25025,MA,Suffolk,-73.49
25027,MA,Worcester,-7.18
26001,MI,Alcona,-7.71
26003,MI,Alger,0.16
26005,MI,Allegan,-29.2
26007,MI,Alpena,-9.28
26009,MI,Antrim,-54.16
26013,MI,Baraga,9.98
26015,MI,Barry,-1.05
26017,MI,Bay,17.16
26019,MI,Benzie,
26021,MI,Berrien,4.52
26023,MI,Branch,-75.68
26025,MI,Calhoun,-2.06
26027,MI,Cass,36.63
26029,MI,Charlevoix,-6.79
26031,MI,Cheboygan,-11.03
26033,MI,Chippewa,-26.99
26035,MI,Clare,-56.82
26037,MI,Clinton,25.98
26039,MI,Crawford,9.07
26041,MI,Delta,16.78
26043,MI,Dickinson,2.24
26045,MI,Eaton,32.78
26047,MI,Emmet,-34.13
26049,MI,Genesee,5.73
26051,MI,Gladwin,-87.94
26053,MI,Gogebic,-40.69
26055,MI,Grand Traverse,5.54
26057,MI,Gratiot,317.41
26059,MI,Hillsdale,19.99
26061,MI,Houghton,7.03
26063,MI,Huron,-12.21
26065,MI,Ingham,-11.12
26067,MI,Ionia,40.91
26069,MI,Iosco,-15.16
26071,MI,Iron,-27.22
26073,MI,Isabella,-13.6
26075,MI,Jackson,-7.37
26077,MI,Kalamazoo,3
26079,MI,Kalkaska,-16.35
26081,MI,Kent,-5.34
26083,MI,Keweenaw,6.39
26085,MI,Lake,0.07
26087,MI,Lapeer,-8.75
26089,MI,Leelanau,-86.91
26091,MI,Lenawee,-10.29
26093,MI,Livingston,4.27
26095,MI,Luce,1.54
26097,MI,Mackinac,-1.78
26099,MI,Macomb,-2.51
26101,MI,Manistee,-18.88
26103,MI,Marquette,-5.29
26105,MI,Mason,9.77
26107,MI,Mecosta,0.35
26109,MI,Menominee,628.81
26111,MI,Midland,-23.27
26113,MI,Missaukee,-49.39
26115,MI,Monroe,-9.35
26117,MI,Montcalm,26.39
26119,MI,Montmorency,3.36
26121,MI,Muskegon,2.68
26123,MI,Newaygo,74.61
26125,MI,Oakland,-0.19
26127,MI,Oceana,-0.57
26129,MI,Ogemaw,18.63
26131,MI,Ontonagon,2.56
26133,MI,Osceola,-0.41
26137,MI,Otsego,9.37
26139,MI,Ottawa,-0.99
26141,MI,Presque Isle,-4.75
26143,MI,Roscommon,15.69
26145,MI,Saginaw,21.82
26147,MI,St. Clair,4.44
26149,MI,St. Joseph,4.42
26151,MI,Sanilac,3.58
26153,MI,Schoolcraft,-1.48
26155,MI,Shiawassee,3.66
26157,MI,Tuscola,-48.72
26159,MI,Van Buren,-10.55
26161,MI,Washtenaw,-9.14
26163,MI,Wayne,-8.02
26165,MI,Wexford,2.98
27001,MN,Aitkin,6.61
27003,MN,Anoka,-10.69
27005,MN,Becker,-7.35
27007,MN,Beltrami,-5.57
27009,MN,Benton,-33.49
27011,MN,Big Stone,-8.64
27013,MN,Blue Earth,-2.89
27015,MN,Brown,-17.81
27017,MN,Carlton,18.16
27019,MN,Carver,-0.28
27021,MN,Cass,-28.89
27023,MN,Chippewa,-33.48
27025,MN,Chisago,30.6
27027,MN,Clay,-52.37
27029,MN,Clearwater,-1.64
27031,MN,Cook,1.24
27033,MN,Cottonwood,-15.4
27035,MN,Crow Wing,-14.55
27037,MN,Dakota,-11.1
27039,MN,Dodge,-14.73
27041,MN,Douglas,-30.32
27043,MN,Faribault,-14.47
27045,MN,Fillmore,-15.29
27047,MN,Freeborn,-2.09
27049,MN,Goodhue,-26.65
27051,MN,Grant,-1.47
27053,MN,Hennepin,-10.24
27055,MN,Houston,0
27057,MN,Hubbard,-0.17
27059,MN,Isanti,-21.86
27061,MN,Itasca,-3.85
27063,MN,Jackson,-52.25
27065,MN,Kanabec,155.3
27067,MN,Kandiyohi,3.48
27069,MN,Kittson,177.46
27071,MN,Koochiching,-0.25
27073,MN,Lac qui Parle,-14.75
27075,MN,Lake,-2.72
27077,MN,Lake of the Woods,0
27079,MN,Le Sueur,105.79
27081,MN,Lincoln,-87.34
27083,MN,Lyon,0.09
27085,MN,McLeod,24.03
27087,MN,Mahnomen,0
27089,MN,Marshall,-1.47
27091,MN,Martin,2.58
27093,MN,Meeker,48.15
27095,MN,Mille Lacs,-74.31
27097,MN,Morrison,-11.1
27099,MN,Mower,-56.78
27101,MN,Murray,-61.18
27103,MN,Nicollet,-0.42
27105,MN,Nobles,-28.06
27107,MN,Norman,22.03
27109,MN,Olmsted,-9.12
27111,MN,Otter Tail,12.85
27113,MN,Pennington,4.86
27115,MN,Pine,-43.82
27117,MN,Pipestone,-15.2
27119,MN,Polk,27.32
27121,MN,Pope,2.32
27123,MN,Ramsey,-10.58
27125,MN,Red Lake,152.46
27127,MN,Redwood,-2.09
27129,MN,Renville,-35.5
27131,MN,Rice,-1.24
27133,MN,Rock,-35.32
27135,MN,Roseau,-0.44
27137,MN,St. Louis,-6.03
27139,MN,Scott,-17.97
27141,MN,Sherburne,4.86
27143,MN,Sibley,-51.36
27145,MN,Stearns,-2.77
27147,MN,Steele,-17.65
27149,MN,Stevens,-15.18
27151,MN,Swift,-45.75
27153,MN,Todd,-2.25
27155,MN,Traverse,0
27157,MN,Wabasha,-0.26
27159,MN,Wadena,-47.3
27161,MN,Waseca,0.31
27163,MN,Washington,0.42
27165,MN,Watonwan,0
27167,MN,Wilkin,-4.71
27169,MN,Winona,-6.54
27171,MN,Wright,-12.91
27173,MN,Yellow Medicine,-0.02
28001,MS,Adams,-9.53
28003,MS,Alcorn,-0.73
28005,MS,Amite,-2.04
28007,MS,Attala,98.95
28009,MS,Benton,3.89
28011,MS,Bolivar,-0.14
28013,MS,Calhoun,4.38
28015,MS,Carroll,-10.39
28017,MS,Chickasaw,-22.52
28019,MS,Choctaw,-6.11
28021,MS,Claiborne,0.23
28023,MS,Clarke,1.13
28025,MS,Clay,70
28027,MS,Coahoma,5.54
28029,MS,Copiah,-21.42
28031,MS,Covington,
28033,MS,DeSoto,-2.96
28035,MS,Forrest,-5.44
28037,MS,Franklin,-3.56
28039,MS,George,-2.44
28041,MS,Greene,-71.28
28043,MS,Grenada,-21.98
28045,MS,Hancock,-24.55
28047,MS,Harrison,-13.23
28049,MS,Hinds,-4.6
28051,MS,Holmes,63.81
28053,MS,Humphreys,14.53
28055,MS,Issaquena,69.98
28057,MS,Itawamba,4.58
28059,MS,Jackson,17.52
28061,MS,Jasper,-10.04
28063,MS,Jefferson,9.22
28065,MS,Jefferson Davis,626.35
28067,MS,Jones,-26.13
28069,MS,Kemper,33.82
28071,MS,Lafayette,10.01
28073,MS,Lamar,-0.19
28075,MS,Lauderdale,20.04
28077,MS,Lawrence,-24.92
28079,MS,Leake,47.37
28081,MS,Lee,7.93
28083,MS,Leflore,46.46
28085,MS,Lincoln,-10.13
28087,MS,Lowndes,-24.95
28089,MS,Madison,-3
28091,MS,Marion,75.96
28093,MS,Marshall,9
28095,MS,Monroe,-10.89
28097,MS,Montgomery,-73.3
28099,MS,Neshoba,42.17
28101,MS,Newton,2.38
28103,MS,Noxubee,-0.15
28105,MS,Oktibbeha,1.57
28107,MS,Panola,-10.66
28109,MS,Pearl River,-7.56
28111,MS,Perry,45.71
28113,MS,Pike,59.44
28115,MS,Pontotoc,6.4
28117,MS,Prentiss,37.61
28119,MS,Quitman,0
28121,MS,Rankin,5.17
28123,MS,Scott,-16.73
28125,MS,Sharkey,323.82
28127,MS,Simpson,36.87
28129,MS,Smith,16.22
28131,MS,Stone,-11.9
28133,MS,Sunflower,61.89
28135,MS,Tallahatchie,-1.16
28137,MS,Tate,-15.97
28139,MS,Tippah,69.32
28141,MS,Tishomingo,0
28143,MS,Tunica,-36.59
28145,MS,Union,-6.09
28147,MS,Walthall,-61.94
28149,MS,Warren,-18.42
28151,MS,Washington,82.52
28153,MS,Wayne,-67.47
28155,MS,Webster,-11.51
28157,MS,Wilkinson,2.79
28159,MS,Winston,-12.04
28161,MS,Yalobusha,-61.37
28163,MS,Yazoo,0.99
29001,MO,Adair,-4.19
29003,MO,Andrew,-33.05
29005,MO,Atchison,137.32
29007,MO,Audrain,-21.12
29009,MO,Barry,42.11
29011,MO,Barton,-3.41
29013,MO,Bates,-5.52
29015,MO,Benton,58.37
29017,MO,Bollinger,-1.84
29019,MO,Boone,-20.57
29021,MO,Buchanan,9.49
29023,MO,Butler,-8.75
29025,MO,Caldwell,0
29027,MO,Callaway,24.83
29029,MO,Camden,82.56
29031,MO,Cape Girardeau,-4.76
29033,MO,Carroll,-15.88
29035,MO,Carter,1.4
29037,MO,Cass,-6.39
29039,MO,Cedar,47.13
29041,MO,Chariton,-67.73
29043,MO,Christian,23.87
29045,MO,Clark,-1.59
29047,MO,Clay,-3.72
29049,MO,Clinton,-3.46
29051,MO,Cole,10.1
29053,MO,Cooper,6.01
29055,MO,Crawford,19.13
29057,MO,Dade,49.47
29059,MO,Dallas,-29.86
29061,MO,Daviess,-1.01
29063,MO,DeKalb,-1.09
29065,MO,Dent,31.09
29067,MO,Douglas,-16.51
29069,MO,Dunklin,183.45
29071,MO,Franklin,49.25
29073,MO,Gasconade,-67
29075,MO,Gentry,-8.05
29077,MO,Greene,-11.34
29079,MO,Grundy,5.84
29081,MO,Harrison,9.37
29083,MO,Henry,19.75
29085,MO,Hickory,95.01
29087,MO,Holt,0
29089,MO,Howard,-32.39
29091,MO,Howell,3.41
29093,MO,Iron,17.67
29095,MO,Jackson,-6.35
29097,MO,Jasper,15.72
29099,MO,Jefferson,8.65
29101,MO,Johnson,2.99
29103,MO,Knox,0
29105,MO,Laclede,3.8
29107,MO,Lafayette,5.4
29109,MO,Lawrence,6.61
29111,MO,Lewis,0
29113,MO,Lincoln,-45.9
29115,MO,Linn,0.03
29117,MO,Livingston,8
29119,MO,McDonald,0.94
29121,MO,Macon,10.79
29123,MO,Madison,-11.42
29125,MO,Maries,4.91
29127,MO,Marion,-1.01
29129,MO,Mercer,679.61
29131,MO,Miller,87.81
29133,MO,Mississippi,-39.36
29135,MO,Moniteau,-43.67
29137,MO,Monroe,220.24
29139,MO,Montgomery,-2
29141,MO,Morgan,5.17
29143,MO,New Madrid,-1.04
29145,MO,Newton,-28.31
29147,MO,Nodaway,-2.29
29149,MO,Oregon,8.14
29151,MO,Osage,-32.91
29153,MO,Ozark,0.05
29155,MO,Pemiscot,-12.57
29157,MO,Perry,1.07
29159,MO,Pettis,0.06
29161,MO,Phelps,1.13
29163,MO,Pike,2.3
29165,MO,Platte,-0.03
29167,MO,Polk,-23.98
29169,MO,Pulaski,104.56
29171,MO,Putnam,-1.36
29173,MO,Ralls,-1.87
29175,MO,Randolph,-21.43
29177,MO,Ray,44.36
29179,MO,Reynolds,-1.12
29181,MO,Ripley,-6.8
29183,MO,St. Charles,-2.98
29185,MO,St. Clair,8.19
29186,MO,Ste. Genevieve,-29.07
29187,MO,St. Francois,3.62
29189,MO,St. Louis,0.93
29195,MO,Saline,9.98
29197,MO,Schuyler,0
29199,MO,Scotland,-25.44
29201,MO,Scott,-18.97
29203,MO,Shannon,-43.25
29205,MO,Shelby,-3.64
29207,MO,Stoddard,9.34
29209,MO,Stone,142.66
29211,MO,Sullivan,1.87
29213,MO,Taney,45.58
29215,MO,Texas,0.01
29217,MO,Vernon,66.46
29219,MO,Warren,-14.5
29221,MO,Washington,-1.02
29223,MO,Wayne,3.7
29225,MO,Webster,79.14
29227,MO,Worth,-53.1
29229,MO,Wright,2.73
29510,MO,St. Louis,-40.9
30001,MT,Beaverhead,23.41
30003,MT,Big Horn,-0.06
30005,MT,Blaine,0
30007,MT,Broadwater,-4.13
30009,MT,Carbon,0.16
30011,MT,Carter,0
30013,MT,Cascade,4.47
30015,MT,Chouteau,0.02
30017,MT,Custer,21.98
30019,MT,Daniels,-73.2
30021,MT,Dawson,-20.51
30023,MT,Deer Lodge,-12.53
30025,MT,Fallon,0
30027,MT,Fergus,0
30029,MT,Flathead,-11.82
30031,MT,Gallatin,-16.31
30033,MT,Garfield,0
30035,MT,Glacier,-7.46
30037,MT,Golden Valley,0
30039,MT,Granite,-65.5
30041,MT,Hill,0.12
30043,MT,Jefferson,-61.48
30045,MT,Judith Basin,-1.96
30047,MT,Lake,-61.55
30049,MT,Lewis and Clark,-4.01
30051,MT,Liberty,11.33
30053,MT,Lincoln,5.38
30055,MT,McCone,-55.27
30057,MT,Madison,-18.18
30059,MT,Meagher,0
30061,MT,Mineral,-0.04
30063,MT,Missoula,-19.37
30065,MT,Musselshell,0
30067,MT,Park,-20.44
30069,MT,Petroleum,0
30071,MT,Phillips,-26.15
30073,MT,Pondera,0
30075,MT,Powder River,0
30077,MT,Powell,-0.17
30079,MT,Prairie,0
30081,MT,Ravalli,-0.91
30083,MT,Richland,-11.05
30085,MT,Roosevelt,0
30087,MT,Rosebud,0
30089,MT,Sanders,0.68
30091,MT,Sheridan,-0.02
30093,MT,Silver Bow,-52.1
30095,MT,Stillwater,0.8
30097,MT,Sweet Grass,0
30099,MT,Teton,-47.3
30101,MT,Toole,0
30103,MT,Treasure,0
30105,MT,Valley,-2.78
30107,MT,Wheatland,0
30109,MT,Wibaux,90.57
30111,MT,Yellowstone,-3.43
31001,NE,Adams,19.64
31003,NE,Antelope,-51.09
31005,NE,Arthur,0
31007,NE,Banner,-1.46
31009,NE,Blaine,0
31011,NE,Boone,-35.65
31013,NE,Box Butte,0
31015,NE,Boyd,0
31017,NE,Brown,0
31019,NE,Buffalo,-38.03
31021,NE,Burt,-98.47
31023,NE,Butler,-0.9
31025,NE,Cass,-12.23
31027,NE,Cedar,-60.29
31029,NE,Chase,-0.96
31031,NE,Cherry,5.59
31033,NE,Cheyenne,-0.12
31035,NE,Clay,0.5
31037,NE,Colfax,0.03
31039,NE,Cuming,-86.31
31041,NE,Custer,-0.41
31043,NE,Dakota,29.12
31045,NE,Dawes,0.78
31047,NE,Dawson,-9.94
31049,NE,Deuel,0
31051,NE,Dixon,-18.48
31053,NE,Dodge,15.7
31055,NE,Douglas,-22.24
31057,NE,Dundy,0
31059,NE,Fillmore,-17.94
31061,NE,Franklin,-1.16
31063,NE,Frontier,-2.97
31065,NE,Furnas,-53.83
31067,NE,Gage,3.32
31069,NE,Garden,0
31071,NE,Garfield,-2.09
31073,NE,Gosper,1.16
31075,NE,Grant,0
31077,NE,Greeley,61.31
31079,NE,Hall,52.41
31081,NE,Hamilton,69.9
31083,NE,Harlan,-12.92
31085,NE,Hayes,0
31087,NE,Hitchcock,8.77
31089,NE,Holt,-0.47
31091,NE,Hooker,-84.08
31093,NE,Howard,-12.01
31095,NE,Jefferson,-0.87
31097,NE,Johnson,0
31099,NE,Kearney,0
31101,NE,Keith,-0.32
31103,NE,Keya Paha,0
31105,NE,Kimball,0
31107,NE,Knox,-89.66
31109,NE,Lancaster,-24.07
31111,NE,Lincoln,-7.39
31113,NE,Logan,-85.97
31115,NE,Loup,0
31117,NE,McPherson,0
31119,NE,Madison,-21.04
31121,NE,Merrick,-4.19
31123,NE,Morrill,0.72
31125,NE,Nance,-59.91
31127,NE,Nemaha,-75.96
31129,NE,Nuckolls,-0.46
31131,NE,Otoe,0.28
31133,NE,Pawnee,0
31135,NE,Perkins,-70.24
31137,NE,Phelps,-17.19
31139,NE,Pierce,-17.56
31141,NE,Platte,60.17
31143,NE,Polk,-93.61
31145,NE,Red Willow,-7.42
31147,NE,Richardson,-0.93
31149,NE,Rock,0
31151,NE,Saline,-31.92
31153,NE,Sarpy,-31.05
31155,NE,Saunders,24.35
31157,NE,Scotts Bluff,-74.15
31159,NE,Seward,-51.78
31161,NE,Sheridan,8.75
31163,NE,Sherman,126.01
31165,NE,Sioux,-0.05
31167,NE,Stanton,-14.66
31169,NE,Thayer,-30.96
31171,NE,Thomas,-0.06
31173,NE,Thurston,-1.09
31175,NE,Valley,1.17
31177,NE,Washington,0
31179,NE,Wayne,-9.72
31181,NE,Webster,-47.59
31183,NE,Wheeler,0
31185,NE,York,-22.81
32001,NV,Churchill,-5.92
32003,NV,Clark,24.6
32005,NV,Douglas,-14.19
32007,NV,Elko,22.34
32009,NV,Esmeralda,0
32011,NV,Eureka,1.72
32013,NV,Humboldt,-0.36
32015,NV,Lander,0.47
32017,NV,Lincoln,-21.91
32019,NV,Lyon,-41.38
32021,NV,Mineral,124.79
32023,NV,Nye,-3.52
32027,NV,Pershing,-3.13
32029,NV,Storey,-3.76
32031,NV,Washoe,15.66
32033,NV,White Pine,-3.57
32510,NV,Carson City,25.83
33001,NH,Belknap,-1.1
33003,NH,Carroll,215.7
33005,NH,Cheshire,-1.84
33007,NH,Coos,-2.79
33009,NH,Grafton,0.11
33011,NH,Hillsborough,17.8
33013,NH,Merrimack,-6.44
33015,NH,Rockingham,-4.76
33017,NH,Strafford,-19.41
33019,NH,Sullivan,1.11
34001,NJ,Atlantic,-19.52
34003,NJ,Bergen,-10.84
34005,NJ,Burlington,-1.34
34007,NJ,Camden,-22.1
34009,NJ,Cape May,5.53
34011,NJ,Cumberland,-7.66
34013,NJ,Essex,-11.51
34015,NJ,Gloucester,-0.21
34017,NJ,Hudson,64.81
34019,NJ,Hunterdon,-6.4
34021,NJ,Mercer,-4.46
34023,NJ,Middlesex,-16.4
34025,NJ,Monmouth,-6.16
34027,NJ,Morris,-10.22
34029,NJ,Ocean,-11.76
34031,NJ,Passaic,-1.62
34033,NJ,Salem,11.71
34035,NJ,Somerset,-15.21
34037,NJ,Sussex,5.24
34039,NJ,Union,-23.91
34041,NJ,Warren,-8.75
35001,NM,Bernalillo,-4.97
35003,NM,Catron,0
35005,NM,Chaves,-7.14
35006,NM,Cibola,10.55
35007,NM,Colfax,11.21
35009,NM,Curry,11.41
35011,NM,De Baca,-82.88
35013,NM,Doña Ana,-6.08
35015,NM,Eddy,-0.2
35017,NM,Grant,0.99
35019,NM,Guadalupe,-0.45
35021,NM,Harding,-4.92
35023,NM,Hidalgo,17.86
35025,NM,Lea,7.15
35027,NM,Lincoln,-12.27
35028,NM,Los Alamos,5.34
35029,NM,Luna,-11.8
35031,NM,McKinley,10.16
35033,NM,Mora,-25
35035,NM,Otero,-28.71
35037,NM,Quay,-44.23
35039,NM,Rio Arriba,-6.21
35041,NM,Roosevelt,29.55
35043,NM,Sandoval,-18.51
35045,NM,San Juan,15.66
35047,NM,San Miguel,58.47
35049,NM,Santa Fe,-7.98
35051,NM,Sierra,1.07
35053,NM,Socorro,12.27
35055,NM,Taos,-12.44
35057,NM,Torrance,67.31
35059,NM,Union,0.01
35061,NM,Valencia,15.26
36001,NY,Albany,-1.56
36003,NY,Allegany,-1.26
36005,NY,Bronx,-42.74
36007,NY,Broome,-36.46
36009,NY,Cattaraugus,48.69
36011,NY,Cayuga,-12.16
36013,NY,Chautauqua,53.9
36015,NY,Chemung,-3.61
36017,NY,Chenango,159.44
36019,NY,Clinton,13.82
36021,NY,Columbia,-2.21
36023,NY,Cortland,9.3
36025,NY,Delaware,-15
36027,NY,Dutchess,-4.61
36029,NY,Erie,-19.04
36031,NY,Essex,-5.63
36033,NY,Franklin,32.04
36035,NY,Fulton,-1
36037,NY,Genesee,-23.62
36039,NY,Greene,66.08
36041,NY,Hamilton,94.84
36043,NY,Herkimer,47.81
36045,NY,Jefferson,16.2
36047,NY,Kings,0
36049,NY,Lewis,13.21
36051,NY,Livingston,3.53
36053,NY,Madison,32.5
36055,NY,Monroe,-12
36057,NY,Montgomery,-52.38
36059,NY,Nassau,-6.38
36061,NY,New York,0
36063,NY,Niagara,-21.48
36065,NY,Oneida,-17.47
36067,NY,Onondaga,-22.41
36069,NY,Ontario,23.29
36071,NY,Orange,-4.21
36073,NY,Orleans,-24.46
36075,NY,Oswego,33.8
36077,NY,Otsego,41.28
36079,NY,Putnam,-6.61
36081,NY,Queens,4.53
36083,NY,Rensselaer,-11.12
36085,NY,Richmond,-81.48
36087,NY,Rockland,-32.42
36089,NY,St. Lawrence,21.69
36091,NY,Saratoga,-7.64
36093,NY,Schenectady,-35.22
36095,NY,Schoharie,83.84
36097,NY,Schuyler,10.51
36099,NY,Seneca,226.04
36101,NY,Steuben,-27.62
36103,NY,Suffolk,-16.01
36105,NY,Sullivan,-33.55
36107,NY,Tioga,-1.36
36109,NY,Tompkins,-16.09
36111,NY,Ulster,2.66
36113,NY,Warren,13.34
36115,NY,Washington,-9.14
36117,NY,Wayne,-5.33
36119,NY,Westchester,-1.09
36121,NY,Wyoming,22.04
36123,NY,Yates,-7.99
37001,NC,Alamance,-15.08
37003,NC,Alexander,0.56
37005,NC,Alleghany,6.94
37007,NC,Anson,13.89
37009,NC,Ashe,3.65
37011,NC,Avery,
37013,NC,Beaufort,-29.32
37015,NC,Bertie,-37.48
37017,NC,Bladen,0.93
37019,NC,Brunswick,-0.86
37021,NC,Buncombe,-12.85
37023,NC,Burke,6.74
37025,NC,Cabarrus,2.89
37027,NC,Caldwell,1.86
37029,NC,Camden,17.35
37031,NC,Carteret,2.34
37033,NC,Caswell,-26.17
37035,NC,Catawba,-17.83
37037,NC,Chatham,-38.63
37041,NC,Chowan,7.91
37043,NC,Clay,-12.95
37045,NC,Cleveland,28.62
37047,NC,Columbus,57.21
37049,NC,Craven,22.94
37051,NC,Cumberland,-0.2
37053,NC,Currituck,0.24
37055,NC,Dare,-18.7
37057,NC,Davidson,-4.3
37059,NC,Davie,-1.35
37061,NC,Duplin,15.34
37063,NC,Durham,-4.05
37065,NC,Edgecombe,-19.65
37067,NC,Forsyth,-6.06
37069,NC,Franklin,-5.36
37071,NC,Gaston,-0.07
37073,NC,Gates,0
37075,NC,Graham,0
37077,NC,Granville,12.79
37079,NC,Greene,
37081,NC,Guilford,-3.73
37083,NC,Halifax,-5.27
37085,NC,Harnett,-2.11
37087,NC,Haywood,5.98
37089,NC,Henderson,3.69
37091,NC,Hertford,-11.39
37093,NC,Hoke,-6.5
37095,NC,Hyde,51.96
37097,NC,Iredell,-2.77
37099,NC,Jackson,5.05
37101,NC,Johnston,3.21
37103,NC,Jones,0
37105,NC,Lee,-31.43
37107,NC,Lenoir,3.68
37109,NC,Lincoln,-13.38
37111,NC,McDowell,-44.79
37113,NC,Macon,1.1
37115,NC,Madison,22.44
37117,NC,Martin,65.98
37119,NC,Mecklenburg,-18.6
37121,NC,Mitchell,
37123,NC,Montgomery,103.11
37125,NC,Moore,-19.86
37127,NC,Nash,9.36
37129,NC,New Hanover,-5.65
37131,NC,Northampton,160.11
37133,NC,Onslow,-6
37135,NC,Orange,-18.17
37137,NC,Pamlico,10.81
37139,NC,Pasquotank,41.13
37141,NC,Pender,-2.88
37143,NC,Perquimans,22.15
37145,NC,Person,36.09
37147,NC,Pitt,6.74
37149,NC,Polk,0
37151,NC,Randolph,11.72
37153,NC,Richmond,8.95
37155,NC,Robeson,-3.18
37157,NC,Rockingham,-5.85
37159,NC,Rowan,4.36
37161,NC,Rutherford,-5.25
37163,NC,Sampson,-6.87
37165,NC,Scotland,-1.26
37167,NC,Stanly,-23.43
37169,NC,Stokes,1.72
37171,NC,Surry,-14.44
37173,NC,Swain,-64.61
37175,NC,Transylvania,-23.84
37177,NC,Tyrrell,-3.31
37179,NC,Union,-1.91
37181,NC,Vance,-1.48
37183,NC,Wake,-1.64
37185,NC,Warren,-4.34
37187,NC,Washington,16.64
37189,NC,Watauga,-13.44
37191,NC,Wayne,-10.34
37193,NC,Wilkes,-7.18
37195,NC,Wilson,-41.58
37197,NC,Yadkin,14.26
38001,ND,Adams,-1.06
38003,ND,Barnes,0.12
38005,ND,Benson,-6.85
38007,ND,Billings,0
38009,ND,Bottineau,-1.75
38011,ND,Bowman,0
38013,ND,Burke,0
38015,ND,Burleigh,-10.12
38017,ND,Cass,-6.69
38019,ND,Cavalier,0
38021,ND,Dickey,-75.86
38023,ND,Divide,0.68
38025,ND,Dunn,-43.91
38027,ND,Eddy,0
38029,ND,Emmons,-3.54
38031,ND,Foster,-1.6
38033,ND,Golden Valley,323.46
38035,ND,Grand Forks,-31.21
38037,ND,Grant,0
38039,ND,Griggs,0
38041,ND,Hettinger,0
38043,ND,Kidder,-0.13
38045,ND,LaMoure,-62.79
38047,ND,Logan,-56.23
38049,ND,McHenry,-30.96
38051,ND,McIntosh,0
38053,ND,McKenzie,-18.02
38055,ND,McLean,0
38057,ND,Mercer,1.76
38059,ND,Morton,-2.74
38061,ND,Mountrail,2.18
38063,ND,Nelson,0
38065,ND,Oliver,2.65
38067,ND,Pembina,0.39
38069,ND,Pierce,-0.21
38071,ND,Ramsey,-24.59
38073,ND,Ransom,-1.21
38075,ND,Renville,-22.66
38077,ND,Richland,-24.66
38079,ND,Rolette,31.56
38081,ND,Sargent,-12.51
38083,ND,Sheridan,-0.7
38085,ND,Sioux,0.33
38087,ND,Slope,0
38089,ND,Stark,-34.95
38091,ND,Steele,-8.65
38093,ND,Stutsman,-0.01
38095,ND,Towner,-63.76
38097,ND,Traill,-36.37
38099,ND,Walsh,0
38101,ND,Ward,-17.02
38103,ND,Wells,0.21
38105,ND,Williams,-0.42
39001,OH,Adams,116.4
39003,OH,Allen,-11.99
39005,OH,Ashland,-7.88
39007,OH,Ashtabula,21.93
39009,OH,Athens,-4.86
39011,OH,Auglaize,11.35
39013,OH,Belmont,-4.81
39015,OH,Brown,-27.64
39017,OH,Butler,11.63
39019,OH,Carroll,1.69
39021,OH,Champaign,53.54
39023,OH,Clark,26.29
39025,OH,Clermont,-5.18
39027,OH,Clinton,84.4
39029,OH,Columbiana,3.2
39031,OH,Coshocton,7.3
39033,OH,Crawford,306.44
39035,OH,Cuyahoga,1.55
39037,OH,Darke,46.6
39039,OH,Defiance,-20.11
39041,OH,Delaware,0.16
39043,OH,Erie,-0.11
39045,OH,Fairfield,-14.18
39047,OH,Fayette,-26.91
39049,OH,Franklin,-0.35
39051,OH,Fulton,11.96
39053,OH,Gallia,53.59
39055,OH,Geauga,6.82
39057,OH,Greene,-11.96
39059,OH,Guernsey,7.88
39061,OH,Hamilton,8.13
39063,OH,Hancock,0.43
39065,OH,Hardin,70.71
39067,OH,Harrison,0
39069,OH,Henry,-10.88
39071,OH,Highland,30.67
39073,OH,Hocking,-0.63
39075,OH,Holmes,0
39077,OH,Huron,-0.76
39079,OH,Jackson,-7.72
39081,OH,Jefferson,6.57
39083,OH,Knox,-9.92
39085,OH,Lake,-12.01
39087,OH,Lawrence,3.76
39089,OH,Licking,29.11
39091,OH,Logan,5.55
39093,OH,Lorain,5.18
39095,OH,Lucas,-2.45
39097,OH,Madison,81.46
39099,OH,Mahoning,-9.22
39101,OH,Marion,-3.73
39103,OH,Medina,-4.85
39105,OH,Meigs,-22.07
39107,OH,Mercer,-56.69
39109,OH,Miami,-9.12
39111,OH,Monroe,1.23
39113,OH,Montgomery,-9.96
39115,OH,Morgan,-0.29
39117,OH,Morrow,0
39119,OH,Muskingum,10.73
39121,OH,Noble,-0.02
39123,OH,Ottawa,20.85
39125,OH,Paulding,-11.06
39127,OH,Perry,-62.02
39129,OH,Pickaway,6.38
39131,OH,Pike,-38.43
39133,OH,Portage,29.39
39135,OH,Preble,7.18
39137,OH,Putnam,14.01
39139,OH,Richland,18.64
39141,OH,Ross,24.95
39143,OH,Sandusky,-1.09
39145,OH,Scioto,5.73
39147,OH,Seneca,31.82
39149,OH,Shelby,8.6
39151,OH,Stark,4.52
39153,OH,Summit,-12.8
39155,OH,Trumbull,-1.35
39157,OH,Tuscarawas,2.29
39159,OH,Union,51.59
39161,OH,Van Wert,22.55
39163,OH,Vinton,204.53
39165,OH,Warren,8.64
39167,OH,Washington,11.41
39169,OH,Wayne,2.09
39171,OH,Williams,0.13
39173,OH,Wood,14.28
39175,OH,Wyandot,1.25
40001,OK,Adair,7.48
40003,OK,Alfalfa,-3.3
40005,OK,Atoka,-3.01
40007,OK,Beaver,-2.84
40009,OK,Beckham,-15.6
40011,OK,Blaine,-3.32
40013,OK,Bryan,0.08
40015,OK,Caddo,-10.11
40017,OK,Canadian,-20.35
40019,OK,Carter,4.16
40021,OK,Cherokee,0.49
40023,OK,Choctaw,18.43
40025,OK,Cimarron,-0.19
40027,OK,Cleveland,-21.01
40029,OK,Coal,1.35
40031,OK,Comanche,-3.82
40035,OK,Craig,0.01
40037,OK,Creek,10.99
40039,OK,Custer,41.73
40041,OK,Delaware,-8.87
40043,OK,Dewey,0
40045,OK,Ellis,0.12
40047,OK,Garfield,-34.16
40049,OK,Garvin,-44.48
40051,OK,Grady,-10.1
40053,OK,Grant,5.68
40055,OK,Greer,0
40057,OK,Harmon,0
40059,OK,Harper,-0.2
40061,OK,Haskell,0.81
40063,OK,Hughes,10.64
40065,OK,Jackson,28.3
40067,OK,Jefferson,0.13
40069,OK,Johnston,11.93
40071,OK,Kay,39.21
40073,OK,Kingfisher,-20.28
40075,OK,Kiowa,31.81
40077,OK,Latimer,14.19
40079,OK,Le Flore,12.11
40081,OK,Lincoln,-62.75
40083,OK,Logan,-5.5
40085,OK,Love,-6
40087,OK,McClain,1.06
40089,OK,McCurtain,0.63
40091,OK,McIntosh,-6.99
40093,OK,Major,-59.15
40095,OK,Marshall,118.97
40097,OK,Mayes,268.13
40099,OK,Murray,-45.77
40101,OK,Muskogee,13.33
40103,OK,Noble,-2.54
40105,OK,Nowata,-17.38
40107,OK,Okfuskee,-10.91
40109,OK,Oklahoma,-17.96
40111,OK,Okmulgee,-10.29
40113,OK,Osage,9.18
40115,OK,Ottawa,1.26
40117,OK,Pawnee,-36.99
40119,OK,Payne,-15.76
40121,OK,Pittsburg,0.05
40123,OK,Pontotoc,-0.57
40125,OK,Pottawatomie,-20.19
40127,OK,Pushmataha,74.7
40129,OK,Roger Mills,0.63
40131,OK,Rogers,-24.28
40133,OK,Seminole,-12.01
40135,OK,Sequoyah,44.24
40137,OK,Stephens,-10.69
40139,OK,Texas,-56.61
40141,OK,Tillman,-0.47
40143,OK,Tulsa,-5.25
40145,OK,Wagoner,-9.39
40147,OK,Washington,-1.71
40149,OK,Washita,-6.37
40151,OK,Woods,-0.06
40153,OK,Woodward,-1.57
41001,OR,Baker,23.65
41003,OR,Benton,29
41005,OR,Clackamas,-16.96
41007,OR,Clatsop,-47.27
41009,OR,Columbia,-2.06
41011,OR,Coos,1.38
41013,OR,Crook,19.5
41015,OR,Curry,-1.54
41017,OR,Deschutes,0.41
41019,OR,Douglas,-6.65
41021,OR,Gilliam,-0.07
41023,OR,Grant,0
41025,OR,Harney,15.99
41027,OR,Hood River,-5.22
41029,OR,Jackson,15.64
41031,OR,Jefferson,-6.62
41033,OR,Josephine,13.14
41035,OR,Klamath,9.31
41037,OR,Lake,0
41039,OR,Lane,17.27
41041,OR,Lincoln,11.75
41043,OR,Linn,-8.87
41045,OR,Malheur,25.95
41047,OR,Marion,-0.01
41049,OR,Morrow,28.46
41051,OR,Multnomah,-27.31
41053,OR,Polk,7.49
41055,OR,Sherman,83.95
41057,OR,Tillamook,-60.11
41059,OR,Umatilla,22.33
41061,OR,Union,-60.28
41063,OR,Wallowa,-0.36
41065,OR,Wasco,0.09
41067,OR,Washington,-15.22
41069,OR,Wheeler,0
41071,OR,Yamhill,0.65
42001,PA,Adams,-2.78
42003,PA,Allegheny,-11.12
42005,PA,Armstrong,49.55
42007,PA,Beaver,-7.5
42009,PA,Bedford,-47.84
42011,PA,Berks,4.47
42013,PA,Blair,29.15
42015,PA,Bradford,-17.55
42017,PA,Bucks,-11.09
42019,PA,Butler,-14.49
42021,PA,Cambria,23.47
42023,PA,Cameron,0
42025,PA,Carbon,-4.45
42027,PA,Centre,18.42
42029,PA,Chester,1.44
42031,PA,Clarion,-21.94
42033,PA,Clearfield,-2.93
42035,PA,Clinton,-6.4
42037,PA,Columbia,-10.39
42039,PA,Crawford,9.24
42041,PA,Cumberland,13.99
42043,PA,Dauphin,-20.25
42045,PA,Delaware,-22.65
42047,PA,Elk,18.87
42049,PA,Erie,1.7
42051,PA,Fayette,19.47
42053,PA,Forest,17.28
42055,PA,Franklin,-15.25
42057,PA,Fulton,-10.82
42059,PA,Greene,4.62
42061,PA,Huntingdon,-30.13
42063,PA,Indiana,80.78
42065,PA,Jefferson,-15.91
42067,PA,Juniata,6.5
42069,PA,Lackawanna,11.76
42071,PA,Lancaster,-9.27
42073,PA,Lawrence,-8.65
42075,PA,Lebanon,-21.1
42077,PA,Lehigh,-4.5
42079,PA,Luzerne,-11.27
42081,PA,Lycoming,-6.73
42083,PA,McKean,41.83
42085,PA,Mercer,2.83
42087,PA,Mifflin,-35.32
42089,PA,Monroe,-1.92
42091,PA,Montgomery,-1.79
42093,PA,Montour,0
42095,PA,Northampton,-3.53
42097,PA,Northumberland,-9.54
42099,PA,Perry,-1.85
42101,PA,Philadelphia,41.65
42103,PA,Pike,22.3
42105,PA,Potter,-5.17
42107,PA,Schuylkill,20.47
42109,PA,Snyder,38.56
42111,PA,Somerset,11.07
42113,PA,Sullivan,-10.16
42115,PA,Susquehanna,1.31
42117,PA,Tioga,219.78
42119,PA,Union,5.17
42121,PA,Venango,8.28
42123,PA,Warren,-6.76
42125,PA,Washington,4.12
42127,PA,Wayne,-7.27
42129,PA,Westmoreland,-2.46
42131,PA,Wyoming,9.79
42133,PA,York,-7.02
44001,RI,Bristol,0
44003,RI,Kent,-12.69
44005,RI,Newport,-12.1
44007,RI,Providence,-22.53
44009,RI,Washington,-4.69
45001,SC,Abbeville,-96.32
45003,SC,Aiken,0.63
45005,SC,Allendale,637.55
45007,SC,Anderson,-8.82
45009,SC,Bamberg,91.66
45011,SC,Barnwell,0.07
45013,SC,Beaufort,6.63
45015,SC,Berkeley,6.12
45017,SC,Calhoun,9.27
45019,SC,Charleston,5.73
45021,SC,Cherokee,27.08
45023,SC,Chester,-0.03
45025,SC,Chesterfield,-2.53
45027,SC,Clarendon,6.04
45029,SC,Colleton,1.36
45031,SC,Darlington,15.26
45033,SC,Dillon,18.7
45035,SC,Dorchester,-2.08
45037,SC,Edgefield,37.9
45039,SC,Fairfield,7.26
45041,SC,Florence,-1.69
45043,SC,Georgetown,-11.07
45045,SC,Greenville,12.89
45047,SC,Greenwood,14.63
45049,SC,Hampton,65.42
45051,SC,Horry,-17.77
45053,SC,Jasper,18.66
45055,SC,Kershaw,-8.06
45057,SC,Lancaster,54.98
45059,SC,Laurens,22.86
45061,SC,Lee,16.9
45063,SC,Lexington,4.68
45065,SC,McCormick,-48.1
45067,SC,Marion,90.47
45069,SC,Marlboro,19.54
45071,SC,Newberry,123.47
45073,SC,Oconee,-4.13
45075,SC,Orangeburg,-8.55
45077,SC,Pickens,-10.14
45079,SC,Richland,-0.67
45081,SC,Saluda,111.77
45083,SC,Spartanburg,-5.43
45085,SC,Sumter,14.29
45087,SC,Union,6.15
45089,SC,Williamsburg,-4.68
45091,SC,York,-3.82
46003,SD,Aurora,-25.5
46005,SD,Beadle,0.42
46007,SD,Bennett,0
46009,SD,Bon Homme,-83.92
46011,SD,Brookings,-2.98
46013,SD,Brown,-1.1
46015,SD,Brule,-9.4
46017,SD,Buffalo,443.43
46019,SD,Butte,0
46021,SD,Campbell,0
46023,SD,Charles Mix,-69.83
46025,SD,Clark,0
46027,SD,Clay,31.44
46029,SD,Codington,-0.04
46031,SD,Corson,0
46033,SD,Custer,-0.01
46035,SD,Davison,0
46037,SD,Day,0
46039,SD,Deuel,-7.03
46041,SD,Dewey,-12.26
46043,SD,Douglas,-4.51
46045,SD,Edmunds,0
46047,SD,Fall River,0
46049,SD,Faulk,-51.74
46051,SD,Grant,-5.72
46053,SD,Gregory,-23.38
46055,SD,Haakon,0
46057,SD,Hamlin,0.5
46059,SD,Hand,-0.05
46061,SD,Hanson,0
46063,SD,Harding,0
46065,SD,Hughes,0
46067,SD,Hutchinson,-75.86
46069,SD,Hyde,0.55
46071,SD,Jackson,-30.67
46073,SD,Jerauld,0
46075,SD,Jones,0
46077,SD,Kingsbury,0
46079,SD,Lake,-19.49
46081,SD,Lawrence,7.06
46083,SD,Lincoln,-24.22
46085,SD,Lyman,54.9
46087,SD,McCook,-59.69
46089,SD,McPherson,0
46091,SD,Marshall,0
46093,SD,Meade,245.22
46095,SD,Mellette,0.04
46097,SD,Miner,107.18
46099,SD,Minnehaha,-7.34
46101,SD,Moody,-1.05
46103,SD,Pennington,-4.64
46105,SD,Perkins,0.02
46107,SD,Potter,0
46109,SD,Roberts,-37.36
46111,SD,Sanborn,0.3
46113,SD,Shannon,66.4
46115,SD,Spink,0
46117,SD,Stanley,1.3
46119,SD,Sully,0
46121,SD,Todd,-6.94
46123,SD,Tripp,0
46125,SD,Turner,-90.67
46127,SD,Union,-0.49
46129,SD,Walworth,0
46135,SD,Yankton,-5.22
46137,SD,Ziebach,-43.82
47001,TN,Anderson,59.97
47003,TN,Bedford,1.81
47005,TN,Benton,0
47007,TN,Bledsoe,-33.94
47009,TN,Blount,4.6
47011,TN,Bradley,6.3
47013,TN,Campbell,22.27
47015,TN,Cannon,5.16
47017,TN,Carroll,13.17
47019,TN,Carter,25.06
47021,TN,Cheatham,39.46
47023,TN,Chester,-2.63
47025,TN,Claiborne,12.47
47027,TN,Clay,612.96
47029,TN,Cocke,18.19
47031,TN,Coffee,12.25
47033,TN,Crockett,-0.8
47035,TN,Cumberland,33.09
47037,TN,Davidson,-10.82
47039,TN,Decatur,19.56
47041,TN,DeKalb,-8.51
47043,TN,Dickson,6.26
47045,TN,Dyer,12.71
47047,TN,Fayette,-50.02
47049,TN,Fentress,-24.24
47051,TN,Franklin,6.31
47053,TN,Gibson,-10.66
47055,TN,Giles,-23.76
47057,TN,Grainger,0
47059,TN,Greene,15.09
47061,TN,Grundy,-85.28
47063,TN,Hamblen,32.73
47065,TN,Hamilton,8.63
47067,TN,Hancock,-30.12
47069,TN,Hardeman,-7.34
47071,TN,Hardin,18.78
47073,TN,Hawkins,-13.9
47075,TN,Haywood,-1.6
47077,TN,Henderson,-7.23
47079,TN,Henry,-5.83
47081,TN,Hickman,21.81
47083,TN,Houston,-27.57
47085,TN,Humphreys,-28.13
47087,TN,Jackson,0
47089,TN,Jefferson,0
47091,TN,Johnson,15.83
47093,TN,Knox,-5.12
47095,TN,Lake,0
47097,TN,Lauderdale,-0.07
47099,TN,Lawrence,11.54
47101,TN,Lewis,0
47103,TN,Lincoln,-3.16
47105,TN,Loudon,7
47107,TN,McMinn,-15.33
47109,TN,McNairy,-7.34
47111,TN,Macon,309.48
47113,TN,Madison,2.15
47115,TN,Marion,36.11
47117,TN,Marshall,95.34
47119,TN,Maury,14.85
47121,TN,Meigs,86.46
47123,TN,Monroe,-15.22
47125,TN,Montgomery,-7.27
47127,TN,Moore,2.82
47129,TN,Morgan,-9.89
47131,TN,Obion,1.64
47133,TN,Overton,-15.83
47135,TN,Perry,260.08
47137,TN,Pickett,0.06
47139,TN,Polk,16.35
47141,TN,Putnam,-4.44
47143,TN,Rhea,20.87
47145,TN,Roane,0.67
47147,TN,Robertson,-9.96
47149,TN,Rutherford,5
47151,TN,Scott,-39.94
47153,TN,Sequatchie,-93.27
47155,TN,Sevier,-1.05
47157,TN,Shelby,7.54
47159,TN,Smith,-31.09
47161,TN,Stewart,-87.18
47163,TN,Sullivan,-11.19
47165,TN,Sumner,5.93
47167,TN,Tipton,-17.54
47169,TN,Trousdale,
47171,TN,Unicoi,77.68
47175,TN,Van Buren,-59.88
47177,TN,Warren,41.4
47179,TN,Washington,11.26
47181,TN,Wayne,-9.42
47183,TN,Weakley,47.36
47185,TN,White,-14.74
47187,TN,Williamson,-4.13
47189,TN,Wilson,0.28
48001,TX,Anderson,-4.21
48003,TX,Andrews,0
48005,TX,Angelina,-24.96
48007,TX,Aransas,0
48009,TX,Archer,0.51
48011,TX,Armstrong,0
48013,TX,Atascosa,24.74
48015,TX,Austin,-18.53
48017,TX,Bailey,0
48019,TX,Bandera,177.85
48021,TX,Bastrop,-30.68
48023,TX,Baylor,0
48025,TX,Bee,5.78
48027,TX,Bell,-13.1
48029,TX,Bexar,-16.04
48031,TX,Blanco,-53.71
48033,TX,Borden,0
48035,TX,Bosque,-58.38
48037,TX,Bowie,-26.16
48039,TX,Brazoria,-15.57
48041,TX,Brazos,-20.38
48043,TX,Brewster,0
48045,TX,Briscoe,0
48047,TX,Brooks,0.03
48049,TX,Brown,-12.62
48051,TX,Burleson,-5.49
48053,TX,Burnet,5.14
48055,TX,Caldwell,-21.78
48057,TX,Calhoun,13.85
48059,TX,Callahan,33.74
48061,TX,Cameron,-10.9
48063,TX,Camp,0
48065,TX,Carson,-56.35
48067,TX,Cass,-14.33
48069,TX,Castro,0.4
48071,TX,Chambers,6.01
48073,TX,Cherokee,0.01
48075,TX,Childress,-0.26
48077,TX,Clay,36.11
48079,TX,Cochran,0
48081,TX,Coke,0
48083,TX,Coleman,0
48085,TX,Collin,-14.87
48087,TX,Collingsworth,4.01
48089,TX,Colorado,-0.94
48091,TX,Comal,12.23
48093,TX,Comanche,-1.33
48095,TX,Concho,0.11
48097,TX,Cooke,-16.13
48099,TX,Coryell,20.24
48101,TX,Cottle,974.03
48103,TX,Crane,-0.03
48105,TX,Crockett,-2.63
48107,TX,Crosby,4.88
48109,TX,Culberson,-0.69
48111,TX,Dallam,10.24
48113,TX,Dallas,-16.82
48115,TX,Dawson,0.14
48117,TX,Deaf Smith,-3.18
48119,TX,Delta,0
48121,TX,Denton,-14.06
48123,TX,DeWitt,-19.83
48125,TX,Dickens,0
48127,TX,Dimmit,74.44
48129,TX,Donley,7.24
48131,TX,Duval,1.98
48133,TX,Eastland,0.01
48135,TX,Ector,-9.14
48137,TX,Edwards,0
48139,TX,Ellis,-7.6
48141,TX,El Paso,-19.88
48143,TX,Erath,1.45
48145,TX,Falls,-62.01
48147,TX,Fannin,-13.57
48149,TX,Fayette,-24.75
48151,TX,Fisher,-0.02
48153,TX,Floyd,21.94
48155,TX,Foard,0
48157,TX,Fort Bend,-16.32
48159,TX,Franklin,0
48161,TX,Freestone,-19.13
48163,TX,Frio,-30.2
48165,TX,Gaines,-69.32
48167,TX,Galveston,-10.62
48169,TX,Garza,0
48171,TX,Gillespie,19.12
48173,TX,Glasscock,-0.02
48175,TX,Goliad,-0.63
48177,TX,Gonzales,-8.41
48179,TX,Gray,18.46
48181,TX,Grayson,-27.97
48183,TX,Gregg,-8.74
48185,TX,Grimes,-8.41
48187,TX,Guadalupe,7.66
48189,TX,Hale,-20.03
48191,TX,Hall,0
48193,TX,Hamilton,0
48195,TX,Hansford,136.65
48197,TX,Hardeman,0.1
48199,TX,Hardin,4.39
48201,TX,Harris,-16.45
48203,TX,Harrison,-22.24
48205,TX,Hartley,0
48207,TX,Haskell,69.59
48209,TX,Hays,-15.15
48211,TX,Hemphill,0
48213,TX,Henderson,12.07
48215,TX,Hidalgo,-18.57
48217,TX,Hill,77.93
48219,TX,Hockley,28.09
48221,TX,Hood,-6.53
48223,TX,Hopkins,4.64
48225,TX,Houston,2.25
48227,TX,Howard,0
48229,TX,Hudspeth,-0.3
48231,TX,Hunt,-20.94
48233,TX,Hutchinson,-31.97
48235,TX,Irion,0
48237,TX,Jack,1.75
48239,TX,Jackson,-3.95
48241,TX,Jasper,-11.13
48243,TX,Jeff Davis,-2.7
48245,TX,Jefferson,-20.01
48249,TX,Jim Wells,0.71
48251,TX,Johnson,-2.17
48253,TX,Jones,-2.1
48255,TX,Karnes,0.29
48257,TX,Kaufman,-0.89
48259,TX,Kendall,8.59
48261,TX,Kenedy,-0.22
48263,TX,Kent,0
48265,TX,Kerr,-0.28
48267,TX,Kimble,0.2
48269,TX,King,0
48271,TX,Kinney,3.71
48273,TX,Kleberg,1.95
48275,TX,Knox,273.13
48277,TX,Lamar,-7.22
48279,TX,Lamb,-1.38
48281,TX,Lampasas,0
48283,TX,La Salle,34.05
48285,TX,Lavaca,-11.61
48287,TX,Lee,-15.84
48289,TX,Leon,-35.75
48291,TX,Liberty,6.96
48293,TX,Limestone,-7.57
48295,TX,Lipscomb,0
48297,TX,Live Oak,0
48299,TX,Llano,-0.18
48301,TX,Loving,0
48303,TX,Lubbock,-25.1
48305,TX,Lynn,-0.05
48307,TX,McCulloch,103.15
48309,TX,McLennan,37.5
48311,TX,McMullen,0
48313,TX,Madison,-1.56
48315,TX,Marion,-28.52
48317,TX,Martin,1.66
48319,TX,Mason,1.72
48321,TX,Matagorda,1.65
48323,TX,Maverick,1.87
48325,TX,Medina,21.04
48327,TX,Menard,-0.5
48329,TX,Midland,-7.46
48331,TX,Milam,-5.46
48333,TX,Mills,0
48335,TX,Mitchell,0
48337,TX,Montague,-16.35
48339,TX,Montgomery,-6.15
48341,TX,Moore,-9.08
48343,TX,Morris,-58.02
48345,TX,Motley,0
48347,TX,Nacogdoches,-3.42
48349,TX,Navarro,-8.61
48351,TX,Newton,0.56
48353,TX,Nolan,0
48355,TX,Nueces,-6.91
48357,TX,Ochiltree,0.55
48359,TX,Oldham,0
48361,TX,Orange,4.23
48363,TX,Palo Pinto,0.94
48365,TX,Panola,12.18
48367,TX,Parker,-2.74
48369,TX,Parmer,258.43
48371,TX,Pecos,-9.52
48373,TX,Polk,-11.83
48375,TX,Potter,-31.57
48377,TX,Presidio,311.92
48379,TX,Rains,
48381,TX,Randall,-42.22
48383,TX,Reagan,0
48385,TX,Real,0
48387,TX,Red River,-0.59
48389,TX,Reeves,-0.54
48391,TX,Refugio,0
48393,TX,Roberts,0
48395,TX,Robertson,83.68
48397,TX,Rockwall,-13.79
48399,TX,Runnels,-4.87
48401,TX,Rusk,-4.4
48403,TX,Sabine,-38.8
48405,TX,San Augustine,-87.39
48407,TX,San Jacinto,339.08
48409,TX,San Patricio,24.06
48411,TX,San Saba,0
48413,TX,Schleicher,-0.9
48415,TX,Scurry,-15.27
48417,TX,Shackelford,-6.22
48419,TX,Shelby,-7.05
48421,TX,Sherman,-0.44
48423,TX,Smith,-17.44
48425,TX,Somervell,0
48427,TX,Starr,-3.79
48429,TX,Stephens,-5.47
48431,TX,Sterling,0
48433,TX,Stonewall,-4.92
48435,TX,Sutton,0
48437,TX,Swisher,-41.64
48439,TX,Tarrant,-7.95
48441,TX,Taylor,-2.82
48443,TX,Terrell,0
48445,TX,Terry,-0.09
48447,TX,Throckmorton,0
48449,TX,Titus,-15.63
48451,TX,Tom Green,32.35
48453,TX,Travis,-9.53
48455,TX,Trinity,-77.99
48457,TX,Tyler,-0.2
48459,TX,Upshur,-28.37
48461,TX,Upton,0.02
48463,TX,Uvalde,19.53
48465,TX,Val Verde,18.46
48467,TX,Van Zandt,100.39
48469,TX,Victoria,-30.84
48471,TX,Walker,13.28
48473,TX,Waller,5.78
48475,TX,Ward,-70.12
48477,TX,Washington,-29.43
48479,TX,Webb,25.58
48481,TX,Wharton,-7.81
48483,TX,Wheeler,11.56
48485,TX,Wichita,12.85
48487,TX,Wilbarger,8.74
48489,TX,Willacy,241.07
48491,TX,Williamson,-1.1
48493,TX,Wilson,-56.3
48495,TX,Winkler,-85.4
48497,TX,Wise,-3.9
48499,TX,Wood,-16.35
48501,TX,Yoakum,72.74
48503,TX,Young,-5.75
48505,TX,Zapata,0.3
48507,TX,Zavala,0
49001,UT,Beaver,-0.25
49003,UT,Box Elder,13.77
49005,UT,Cache,2.46
49007,UT,Carbon,20.93
49009,UT,Daggett,0
49011,UT,Davis,11.08
49013,UT,Duchesne,0
49015,UT,Emery,-89.97
49017,UT,Garfield,70.91
49019,UT,Grand,17.68
49021,UT,Iron,15.88
49023,UT,Juab,0
49025,UT,Kane,0.27
49027,UT,Millard,-1.05
49029,UT,Morgan,-1.98
49031,UT,Piute,0
49033,UT,Rich,0
49035,UT,Salt Lake,-22.87
49037,UT,San Juan,16.28
49039,UT,Sanpete,-3.06
49041,UT,Sevier,44.98
49043,UT,Summit,31.92
49045,UT,Tooele,22.92
49047,UT,Uintah,0.29
49049,UT,Utah,2.85
49051,UT,Wasatch,-5.05
49053,UT,Washington,-3.86
49055,UT,Wayne,0
49057,UT,Weber,1.74
50001,VT,Addison,-2.97
50003,VT,Bennington,2.27
50005,VT,Caledonia,0.37
50007,VT,Chittenden,-11.2
50009,VT,Essex,0.7
50011,VT,Franklin,1.85
50013,VT,Grand Isle,-83.99
50015,VT,Lamoille,6.44
50017,VT,Orange,-5.47
50019,VT,Orleans,-12.54
50021,VT,Rutland,43.94
50023,VT,Washington,24.53
50025,VT,Windham,-2.09
50027,VT,Windsor,-32.44
51001,VA,Accomack,11.31
51003,VA,Albemarle,-1.19
51005,VA,Alleghany,-2.85
51007,VA,Amelia,12.65
51009,VA,Amherst,-16.76
51011,VA,Appomattox,-25.25
51013,VA,Arlington,-12.68
51015,VA,Augusta,1.98
51017,VA,Bath,7.44
51019,VA,Bedford,-11.87
51021,VA,Bland,-52.5
51023,VA,Botetourt,58.99
51025,VA,Brunswick,-2.17
51027,VA,Buchanan,
51029,VA,Buckingham,-30.43
51031,VA,Campbell,-30.29
51033,VA,Caroline,-4.37
51035,VA,Carroll,-27.84
51036,VA,Charles City,18.68
51037,VA,Charlotte,0.47
51041,VA,Chesterfield,-0.93
51043,VA,Clarke,-43.04
51045,VA,Craig,-9.41
51047,VA,Culpeper,19.98
51049,VA,Cumberland,-6.19
51051,VA,Dickenson,
51053,VA,Dinwiddie,31.29
51057,VA,Essex,-11.96
51059,VA,Fairfax,0.02
51061,VA,Fauquier,1.05
51063,VA,Floyd,-1.07
51065,VA,Fluvanna,-7.38
51067,VA,Franklin,-6.52
51069,VA,Frederick,10.6
51071,VA,Giles,-91.75
51073,VA,Gloucester,0
51075,VA,Goochland,-0.04
51077,VA,Grayson,3.31
51079,VA,Greene,0
51081,VA,Greensville,16.64
51083,VA,Halifax,-10.88
51085,VA,Hanover,9.8
51087,VA,Henrico,-7.14
51089,VA,Henry,-11.61
51091,VA,Highland,0
51093,VA,Isle of Wight,0.02
51095,VA,James City,9.01
51097,VA,King and Queen,-26.56
51099,VA,King George,
51101,VA,King William,7.09
51103,VA,Lancaster,4.49
51105,VA,Lee,0
51107,VA,Loudoun,2.7
51109,VA,Louisa,0
51111,VA,Lunenburg,62.53
51113,VA,Madison,52.21
51115,VA,Mathews,0
51117,VA,Mecklenburg,-16.12
51119,VA,Middlesex,8.71
51121,VA,Montgomery,74.7
51125,VA,Nelson,37.95
51127,VA,New Kent,-100
51131,VA,Northampton,438.14
51133,VA,Northumberland,26.71
51135,VA,Nottoway,11.92
51137,VA,Orange,13.21
51139,VA,Page,39.75
51141,VA,Patrick,92.1
51143,VA,Pittsylvania,1.61
51145,VA,Powhatan,2.12
51147,VA,Prince Edward,40.76
51149,VA,Prince George,8.4
51153,VA,Prince William,5.4
51155,VA,Pulaski,0.3
51157,VA,Rappahannock,-5.35
51159,VA,Richmond,-26.52
51161,VA,Roanoke,-5.26
51163,VA,Rockbridge,23.64
51165,VA,Rockingham,11.89
51167,VA,Russell,-27.58
51169,VA,Scott,-11.67
51171,VA,Shenandoah,-0.23
51173,VA,Smyth,49.48
51175,VA,Southampton,-1.45
51177,VA,Spotsylvania,-13.35
51179,VA,Stafford,-8.94
51181,VA,Surry,28.51
51183,VA,Sussex,84.92
51185,VA,Tazewell,4.31
51187,VA,Warren,132.65
51191,VA,Washington,-8.58
51193,VA,Westmoreland,-67.05
51195,VA,Wise,-11.93
51197,VA,Wythe,-0.13
51199,VA,York,7.77
51510,VA,Alexandria,
51515,VA,Bedford,0
51520,VA,Bristol,-3.57
51530,VA,Buena Vista,-2.16
51540,VA,Charlottesville,176.89
51550,VA,Chesapeake,-9.42
51570,VA,Colonial Heights,-3.05
51580,VA,Covington,7.66
51590,VA,Danville,-12.48
51595,VA,Emporia,-44.79
51600,VA,Fairfax,
51610,VA,Falls Church,
51620,VA,Franklin,0.95
51630,VA,Fredericksburg,-66.9
51640,VA,Galax,8.66
51650,VA,Hampton,27.99
51660,VA,Harrisonburg,-69.24
51670,VA,Hopewell,25.86
51680,VA,Lynchburg,-37.2
51683,VA,Manassas,-8.63
51685,VA,Manassas Park,8.17
51690,VA,Martinsville,-9.67
51700,VA,Newport News,20.78
51710,VA,Norfolk,50.4
51720,VA,Norton,-48.35
51730,VA,Petersburg,66.21
51735,VA,Poquoson,0
51740,VA,Portsmouth,14.86
51750,VA,Radford,0
51760,VA,Richmond,5.51
51770,VA,Roanoke,-22.44
51775,VA,Salem,-14.08
51790,VA,Staunton,-25.97
51800,VA,Suffolk,11.64
51810,VA,Virginia Beach,-8.75
51820,VA,Waynesboro,-21.22
51830,VA,Williamsburg,169.19
51840,VA,Winchester,-33.64
53001,WA,Adams,-21.58
53003,WA,Asotin,-3.15
53005,WA,Benton,-13.99
53007,WA,Chelan,-5.48
53009,WA,Clallam,11.12
53011,WA,Clark,-1.31
53013,WA,Columbia,0
53015,WA,Cowlitz,-16.46
53017,WA,Douglas,-9.1
53019,WA,Ferry,-0.7
53021,WA,Franklin,-23.86
53023,WA,Garfield,-0.08
53025,WA,Grant,-4.09
53027,WA,Grays Harbor,66.45
53029,WA,Island,-0.4
53031,WA,Jefferson,8.11
53033,WA,King,-4.69
53035,WA,Kitsap,3.28
53037,WA,Kittitas,-2.69
53039,WA,Klickitat,51.46
53041,WA,Lewis,38.61
53043,WA,Lincoln,-20.23
53045,WA,Mason,43.12
53047,WA,Okanogan,11.63
53049,WA,Pacific,3.05
53051,WA,Pend Oreille,2.45
53053,WA,Pierce,-2.42
53055,WA,San Juan,0
53057,WA,Skagit,1.15
53059,WA,Skamania,-5.84
53061,WA,Snohomish,-4.77
53063,WA,Spokane,-7.1
53065,WA,Stevens,0.31
53067,WA,Thurston,-0.49
53069,WA,Wahkiakum,10.47
53071,WA,Walla Walla,-12.61
53073,WA,Whatcom,12.18
53075,WA,Whitman,1.19
53077,WA,Yakima,7.19
54001,WV,Barbour,501.42
54003,WV,Berkeley,-12.14
54005,WV,Boone,115.35
54007,WV,Braxton,-7.28
54009,WV,Brooke,0
54011,WV,Cabell,2.8
54013,WV,Calhoun,-36.55
54015,WV,Clay,19.46
54017,WV,Doddridge,114.56
54019,WV,Fayette,10.31
54021,WV,Gilmer,7.43
54023,WV,Grant,12.89
54025,WV,Greenbrier,74.58
54027,WV,Hampshire,35.19
54029,WV,Hancock,15.73
54031,WV,Hardy,-1.2
54033,WV,Harrison,-23.75
54035,WV,Jackson,-5.34
54037,WV,Jefferson,-16.95
54039,WV,Kanawha,-2.78
54041,WV,Lewis,30.77
54043,WV,Lincoln,
54045,WV,Logan,4.91
54047,WV,McDowell,-73.66
54049,WV,Marion,11.16
54051,WV,Marshall,-6.21
54053,WV,Mason,-12.48
54055,WV,Mercer,-5.96
54057,WV,Mineral,9.01
54059,WV,Mingo,413.6
54061,WV,Monongalia,-16.03
54063,WV,Monroe,110.72
54065,WV,Morgan,109.79
54067,WV,Nicholas,62.4
54069,WV,Ohio,-12.76
54071,WV,Pendleton,26.28
54075,WV,Pocahontas,-2.49
54077,WV,Preston,0.64
54079,WV,Putnam,-6.72
54081,WV,Raleigh,3.11
54083,WV,Randolph,11.35
54085,WV,Ritchie,204.29
54087,WV,Roane,-6.32
54089,WV,Summers,-10.08
54091,WV,Taylor,-26.08
54093,WV,Tucker,233.57
54095,WV,Tyler,10.23
54097,WV,Upshur,63.27
54099,WV,Wayne,-8.14
54101,WV,Webster,-47.99
54103,WV,Wetzel,-0.38
54105,WV,Wirt,-71.52
54107,WV,Wood,12.37
54109,WV,Wyoming,161.68
55001,WI,Adams,-42.57
55003,WI,Ashland,-9.79
55005,WI,Barron,-5.07
55007,WI,Bayfield,22.05
55009,WI,Brown,-12.55
55011,WI,Buffalo,-5.24
55013,WI,Burnett,-19.44
55015,WI,Calumet,37.54
55017,WI,Chippewa,-18.53
55019,WI,Clark,-51.46
55021,WI,Columbia,4.79
55023,WI,Crawford,-63.1
55025,WI,Dane,-10.95
55027,WI,Dodge,65.21
55029,WI,Door,-29.27
55031,WI,Douglas,23.35
55033,WI,Dunn,-11.46
55035,WI,Eau Claire,-14.98
55037,WI,Florence,-72.55
55039,WI,Fond du Lac,50.29
55041,WI,Forest,-0.17
55043,WI,Grant,-11.92
55045,WI,Green,0
55047,WI,Green Lake,184.67
55049,WI,Iowa,59.88
55051,WI,Iron,-0.21
55053,WI,Jackson,-7.18
55055,WI,Jefferson,-16.31
55057,WI,Juneau,46.21
55059,WI,Kenosha,-12.53
55061,WI,Kewaunee,65.97
55063,WI,La Crosse,4.27
55065,WI,Lafayette,-0.04
55067,WI,Langlade,0
55069,WI,Lincoln,-23.85
55071,WI,Manitowoc,6.62
55073,WI,Marathon,8.47
55075,WI,Marinette,45.78
55077,WI,Marquette,4.79
55078,WI,Menominee,-26.08
55079,WI,Milwaukee,-32.1
55081,WI,Monroe,20.85
55083,WI,Oconto,-4.33
55085,WI,Oneida,-20.08
55087,WI,Outagamie,-20.09
55089,WI,Ozaukee,-2.16
55091,WI,Pepin,
55093,WI,Pierce,47.57
55095,WI,Polk,-7.72
55097,WI,Portage,-25.29
55099,WI,Price,-0.33
55101,WI,Racine,3.12
55103,WI,Richland,-0.57
55105,WI,Rock,-6.46
55107,WI,Rusk,60.4
55109,WI,St. Croix,-1.68
55111,WI,Sauk,9.49
55113,WI,Sawyer,-31.66
55115,WI,Shawano,-36.74
55117,WI,Sheboygan,-6.09
55119,WI,Taylor,-0.56
55121,WI,Trempealeau,-48.7
55123,WI,Vernon,-12.99
55125,WI,Vilas,-46.89
55127,WI,Walworth,-7.11
55129,WI,Washburn,-9.79
55131,WI,Washington,31.07
55133,WI,Waukesha,-12.89
55135,WI,Waupaca,-22.61
55137,WI,Waushara,29.87
55139,WI,Winnebago,-32.82
55141,WI,Wood,-9.03
56001,WY,Albany,-7.61
56003,WY,Big Horn,0
56005,WY,Campbell,3.09
56007,WY,Carbon,-0.08
56009,WY,Converse,0.35
56011,WY,Crook,-65.07
56013,WY,Fremont,-14.53
56015,WY,Goshen,-11.32
56017,WY,Hot Springs,0
56019,WY,Johnson,0
56021,WY,Laramie,44.44
56023,WY,Lincoln,0.3
56025,WY,Natrona,0
56027,WY,Niobrara,0
56029,WY,Park,-2.14
56031,WY,Platte,0
56033,WY,Sheridan,0
56035,WY,Sublette,-5.4
56037,WY,Sweetwater,41.39
56039,WY,Teton,0
56041,WY,Uinta,9.74
56043,WY,Washakie,0
56045,WY,Weston,-0.26
